id,created_at,username,tweet_text,final_text,metrics
2106352505982681411,Sat Oct 03 11:55:46 +0000 2026,andirarahman,"@alexanderdrspan @indischetroopen Ya berarti kan implikasi pernyataan anda adalah beliau itu sosialis karena pengaruh bapaknya, kan? Namun nyatanya implementasi program sosial dari Prabowo juga tidak sosialis karena pakai metode swasta kalau dilihat dari model keuntungannya.",ya implikasi nyata beliau sosialis pengaruh bapak implementasi program sosial prabowo sosialis pakai metode swasta model untung,"likes: 0, retweets: 0"
2106352415197004269,Sat Oct 03 11:55:24 +0000 2026,billcipher701,"@VeilByEclipse Sebagai sekre, cegat minta cepe klo dia sendiri telat.  Jgn jdi sok"" prabowo",bagai sekre cegat cepe telat sok prabowo,"likes: 0, retweets: 0"
2106352402219860462,Sat Oct 03 11:55:21 +0000 2026,__anomali__,PEMBOROSAN Perilaku Prabowo Subianto Anak Orang Kaya yang jadi Presiden 49 Menteri  60 Wakil Menteri  5 Pejabat Setingkat Menteri  26 Anggota Wantimpres  14.510 Kepala SPPG 30.000 Manager Kopdes Merah Putih  Anggaran Pendidikan/Kesehatan Minggir Dulu https://t.co/hAzstFO8Ie,boros perilaku prabowo subianto anak orang kaya presiden 49 menteri 60 wakil menteri 5 jabat tingkat menteri 26 anggota wantimpres 14510 kepala sppg 30000 manager kopdes merah putih anggar pendidikankesehatan minggir,"likes: 0, retweets: 0"
2106352363581919424,Sat Oct 03 11:55:12 +0000 2026,GudangMesiu1,"Presiden Prabowo Subianto lantik Dewan Pertimbangan Presiden periode 2026. Susunan anggota merangkul tokoh agama, pengusaha, purnawirawan, politisi, hingga figur publik. #jagaindonesia #kamibersamapresiden #Wantimpres #DewanPertimbangan #SinergiBangsa https://t.co/u36ehhPmXB",presiden prabowo subianto lantik dewan timbang presiden periode 2026 susun anggota rangkul tokoh agama usaha purnawirawan politis figur publik jagaindonesia kamibersamapresiden wantimpres dewanpertimbangan sinergibangsa,"likes: 1, retweets: 0"
2106352173726753062,Sat Oct 03 11:54:27 +0000 2026,DrN274895430908,"@tham878 Prabowo - KDM tidak perlu menunggu 2029. Minggu depan si plenger dimakzulkan. Dua nama diusulkan Prabowo utk jadi cawapres. KDM dan siapa aja, dan KDM pasti terpilih. Jadi bulan depan KDM udah jadi wapres.",prabowo kdm tunggu 2029 minggu plenger makzul nama usul prabowo cawapres kdm aja kdm pilih kdm udah wapres,"likes: 0, retweets: 0"
2106352166965514614,Sat Oct 03 11:54:25 +0000 2026,YrLovelyVatnik,"@JdtfcC Diam, kalau enggak gua kirim prabowo biar jadi pm malaysia",diam kirim prabowo biar pm malaysia,"likes: 0, retweets: 0"
2106352107452547332,Sat Oct 03 11:54:11 +0000 2026,widarto63285827,"@99propaganda prabowo bagi² kecap kekuasaan pakai apbn uang dari pajak rakyat, untuk membungkam orang yang kritis terhadap pemerintahaannya, yang seharusnya untuk sejahterakan rakyat Rp17.500.000 x 26 orang = Rp 45.500.000.000 atau 45 Milyar 500 Juta perbulan x setahun https://t.co/rujlr9t5RE",prabowo kecap kuasa pakai apbn uang pajak rakyat bungkam orang kritis pemerintahaannya sejahtera rakyat rp17500000 x 26 orang rp 45500000000 45 milyar 500 juta bulan x tahun,"likes: 0, retweets: 0"
2106352073340240083,Sat Oct 03 11:54:03 +0000 2026,Kamandanuarya7,@Indonesia_java @giIangmahesa @jokowi @prabowo Lah sekarang bung Roky ada di dalem 😁,lah roky dalem,"likes: 0, retweets: 0"
2106351941265809893,Sat Oct 03 11:53:31 +0000 2026,Nurpiana_12,NDASMU @prabowo,ndasmu,"likes: 0, retweets: 0"
2106351767021904138,Sat Oct 03 11:52:50 +0000 2026,kidoelkoe,@regar_op0sisi Kabinet gemuk dengan watinpres gemuk. Target untuk indonesia apa wak @prabowo,kabinet gemuk watinpres gemuk target indonesia wak,"likes: 0, retweets: 0"
2106351709039861909,Sat Oct 03 11:52:36 +0000 2026,YuddyMelly,@awikuchuz Alhamdulillah semakin jelas arah pak presiden @prabowo 🇲🇨🔥,alhamdulillah arah presiden,"likes: 0, retweets: 0"
2106351703083925608,Sat Oct 03 11:52:34 +0000 2026,kilik_panji,"@tham878 maka nya segala cara di laku kan buat menyekat mas Gibran. mereka masih termehek mehek ngemis kursi wapres sementara mas Gibran sudah punya ruang besar menuju RI1 walau harus nunggu tahun 2034, dan kalau Prabowo memilih wakil yg lain di 2029 nanti bisa² itu bisa lain cerita nya",maka nya laku sekat mas gibran termehek mehek ngemis kursi wapres mas gibran ruang ri1 nunggu 2034 prabowo pilih wakil 2029 cerita nya,"likes: 0, retweets: 0"
2106351689053995095,Sat Oct 03 11:52:31 +0000 2026,ter_sendat,Presiden Prabowo melibatkan berbagai elemen bangsa dalam Wantimpres. Tujuannya memperkuat masukan strategis dari berbagai perspektif untuk pengambilan keputusan. #jagaindonesia #kamibersamapresiden #Wantimpres #DewanPertimbangan #SinergiBangsa https://t.co/dcuJ3IwSNc,presiden prabowo libat elemen bangsa wantimpres tuju kuat masuk strategis perspektif ambil putus jagaindonesia kamibersamapresiden wantimpres dewanpertimbangan sinergibangsa,"likes: 1, retweets: 0"
2106351432182149283,Sat Oct 03 11:51:30 +0000 2026,izzulfreza,"@ardisatriawan @Boediantar4 Maaf Pak @prabowo, ini pemborosan uang negara. Baiknya uangnya untuk menambah gaji guru, memberi insentif nakes, honorer daerah, dan subsidi energi bagi rakyat miskin. Birokrasi terbaik itu kaya fungsi miskin struktur Pak, bukannya malah kaya struktur miskin fungsi.",maaf boros uang negara baik uang tambah gaji guru insentif nakes honorer daerah subsidi energi rakyat miskin birokrasi baik kaya fungsi miskin struktur kaya struktur miskin fungsi,"likes: 0, retweets: 0"
2106351228699693412,Sat Oct 03 11:50:41 +0000 2026,Melihat_Indo,"Dilantiknya Pratikno Jadi Ketua Wantimpres, Dinilai Tepis Isu Kerenggangan Prabowo-Jokowi JAKARTA — Keputusan Presiden Prabowo Subianto menunjuk mantan Menteri Koordinator Bidang PMK, Pratikno, sebagai Ketua Dewan Pertimbangan Presiden (Wantimpres) dinilai membawa pesan politik https://t.co/V6OG8DaG1G",lantik pratikno ketua wantimpres nilai tepis isu renggang prabowojokowi jakarta putus presiden prabowo subianto mantan menteri koordinator bidang pmk pratikno ketua dewan timbang presiden wantimpres nilai bawa pesan politik,"likes: 0, retweets: 0"
2106351070536687762,Sat Oct 03 11:50:03 +0000 2026,NMS_Sukmajati,"@NayDonuts Tak ada yang kekal di dunia ini, salah 1 penyebab jabatan bisa merubah segalanya.  Jokowi masih menghargai RG, makanya tak di tarik ke pemerintah, tapi Prabowo mentalnya tak sekuat Jokowi, jadi org kayak RG di tarik ke pemerintah",tak kekal dunia salah 1 sebab jabat rubah jokowi harga rg tarik perintah prabowo mental kuat jokowi orang kayak rg tarik perintah,"likes: 0, retweets: 0"
2106351033702380027,Sat Oct 03 11:49:55 +0000 2026,12345696_,@youngfile @prabowo wakilnya aja selamat dari ijazah palsu wkwk,wakil aja selamat ijazah palsu wkwk,"likes: 0, retweets: 0"
2106350979339997382,Sat Oct 03 11:49:42 +0000 2026,12345696_,@indriawangram @prabowo ngakak.. bunted🤣,ngakak bunted,"likes: 0, retweets: 0"
2106350788230451642,Sat Oct 03 11:48:56 +0000 2026,CoffeL0ver,@BANGSAygSUJUD @prabowo Pernyataan pak @prabowo 100% saya setuju apalagi program MBG sbg mesin penggerak ekonomi dan membuka lapangan kerja. Yg mungkin masih terdapat masalah adalah apakah standar bergizi ini sudah sesuai ?,nyata 100 tuju program mbg sbg mesin gerak ekonomi buka lapang kerja standar gizi sesuai,"likes: 0, retweets: 0"
2106350779204514147,Sat Oct 03 11:48:54 +0000 2026,tekarok007,"@MobileNav1 Gajiannya kayak duit jajan doang, kecuali buat RG wkwkw. Cuma kalau kamu searching background komposisi 26 Wantimpres itu, bakalan merinding mengapa mereka yang ditunjuk Prabowo wkwwk. Cuma gak mau spill2 aku, aku lagi jauhin bahas isu politik yg sensitif sampai 2027",gaji kayak duit jajan doang kecuali rg wkwkw searching background komposisi 26 wantimpres merinding prabowo wkwwk spill2 jauhin bahas isu politik sensitif 2027,"likes: 0, retweets: 0"
2106350603891020174,Sat Oct 03 11:48:12 +0000 2026,KhoironiZu67950,@yaniarsim @prabowo Roki2,roki2,"likes: 0, retweets: 0"
2106350576640708892,Sat Oct 03 11:48:06 +0000 2026,Metro_TV,"Usai resmi dilantik Presiden Prabowo Subianto di Istana Kepresidenan, Kapolri Jenderal Polisi Suyudi Ario Seto bergerak cepat melakukan perombakan di tubuh Kepolisian Negara Republik Indonesia (Polri). Langkah awal pimpinan baru Polri ini ditandai dengan penerbitan surat https://t.co/J13XJa4vyX",usai resmi lantik presiden prabowo subianto istana presiden kapolri jenderal polisi suyudi ario seto gerak cepat ombak tubuh polisi negara republik indonesia polri langkah pimpin polri tanda terbit surat,"likes: 0, retweets: 0"
2106350494776254813,Sat Oct 03 11:47:46 +0000 2026,wrahardian2,@BosPurwa menurut pandangan saya itu kabar buruk bagi Prabowo sendiri,turut pandang kabar buruk prabowo,"likes: 0, retweets: 0"
2106350479555039348,Sat Oct 03 11:47:43 +0000 2026,telurisme,"Rocky Gerung berulang kali menyerang independensi politik Prabowo sebelum resmi menjabat : ""masuknya Gibran dan loyalis Solo ke dalam gerbong Prabowo sebagai bentuk kompromi pragmatis yang merusak etika demokrasi"".",rocky gerung ulang kali serang independensi politik prabowo resmi jabat masuk gibran loyalis solo gerbong prabowo bentuk kompromi pragmatis rusak etika demokrasi,"likes: 1, retweets: 1"
2106350453160333577,Sat Oct 03 11:47:36 +0000 2026,bubbleber_,Sesama karyawan gak usah jahat². Yang kudu dijahatin di Indonesia ini cuman prabowo dan antek²nya. Ohh iya sama ormas.,sama karyawan jahat kudu dijahatin indonesia cuman prabowo antek ohh iya ormas,"likes: 0, retweets: 0"
2106350411896758491,Sat Oct 03 11:47:26 +0000 2026,AkhirinAro27699,"@Rudetiawanst DEMI ALLAH MEREKA YG DIANGKAT JADI WATIMPRES TAPI TIDAK MEMBERIKAN KRITIKAN YANG POSITIF KPD PRESIDEN, SEMOGA HIDUPNYA DILAKNAT OLEH ALLAH SWT. PRABOWO LEBIH MEMILIH MERAMPOK DUIT NEGARA UTK MEMBAYAR 26 WATIMPRES, DARIPADA MENDENGARKAN PESAN DARI PIMPINAN PONPES GONTOR DARUSALAM.",demi allah angkat watimpres kritik positif kpd presiden moga hidup laknat allah swt prabowo pilih rampok duit negara bayar 26 watimpres dengar pesan pimpin ponpes gontor darusalam,"likes: 0, retweets: 0"
2106350319118787041,Sat Oct 03 11:47:04 +0000 2026,AdapSaya,@BANGSAygSUJUD @prabowo sepertinya ini beneran kan? https://t.co/oREQDoD973,seperti beneran,"likes: 0, retweets: 0"
2106350265574228368,Sat Oct 03 11:46:52 +0000 2026,_____moey,malam minggu saatnya doom scrolling membaca di @ substack. artikelnya gak jauh dari rezim pemerintahan &amp; prabowo 🤣 https://t.co/JgMoGFtzpG,malam minggu doom scrolling baca substack artikel rezim perintah prabowo,"likes: 1, retweets: 0"
2106349973130625277,Sat Oct 03 11:45:42 +0000 2026,DalamDunia888,"@LambeSahamjja Kalo orang ini nyalon Presiden lawan Prabowo prediksi gua menang sih, asal wakilnya jangan Anies aja.",kalau orang nyalon presiden lawan prabowo prediksi menang sih wakil anies aja,"likes: 0, retweets: 0"
2106349896509145292,Sat Oct 03 11:45:24 +0000 2026,d4ny4di,@4zweno This image but Imam Ali is holding a signed copy of “Islam ala Prabowo”,this image but imam ali is holding a signed copy of islam ala prabowo,"likes: 0, retweets: 0"
2106349538260984243,Sat Oct 03 11:43:58 +0000 2026,Partikellirs,bukti bukti gagalnya Jendral Haji Prabowo dan Haji Gibran Mengelola Negara dan Pemerintahan RI untuk kesejahteraan dan kemakmuran rakjat.,bukti bukti gagal jendral haji prabowo haji gibran kelola negara perintah ri sejahtera makmur rakjat,"likes: 0, retweets: 0"
2106349406387941764,Sat Oct 03 11:43:27 +0000 2026,tfkakbarr,@kompascom Dibalik dong prabowo sebagai prssiden harus mengerti pikiran rakyat,balik prabowo prssiden erti pikir rakyat,"likes: 0, retweets: 0"
2106349307310027107,Sat Oct 03 11:43:03 +0000 2026,toe_giman,"Wantimpres era Prabowo adalah yg terbanyak sepanjang sejarah. Dan gajinya 76,5 juta perbulan... Wadidaw.. Dulu saat ngajar di UI, gaji ga pernah diambil, nah klo sekarang, ga diambil lagi pak Prof. @rockygerung??? https://t.co/0JA6DSWdlO",wantimpres era prabowo sejarah gaji 765 juta bulan wadidaw ngajar ui gaji ambil ambil prof,"likes: 2, retweets: 1"
2106349168046543030,Sat Oct 03 11:42:30 +0000 2026,yudidiant,"Prabowo Lantik Wantimpres dan Bakom RI Baru: Ada Pratikno, Hatta Rajasa, hingga Rocky Gerung https://t.co/eNIOace6Px",prabowo lantik wantimpres bakom ri pratikno hatta rajasa rocky gerung,"likes: 0, retweets: 0"
2106349106490970114,Sat Oct 03 11:42:15 +0000 2026,myjisung_,Goblok lu ah @prabowo,goblok ah,"likes: 0, retweets: 0"
2106349069996376411,Sat Oct 03 11:42:07 +0000 2026,BukanCepuuu,"Pusing bolak balik RT RW kelurahan kecamatan Ampe dukcapil dan dinsos... Warga yg gw kenal dari tukang becak dan ojol banyak yang desilnya gak bener,  giliran bener DESIL 1 tapi cek bansos gak dapet sama sekali bantuan pemerintah. Woy @prabowo jangan permainkan rakyat kecil",pusing bolak rt rw lurah camat ampe dukcapil dinsos warga kenal tukang becak ojol desil bener gilir bener desil 1 cek bansos dapet bantu perintah woy main rakyat,"likes: 0, retweets: 0"
2106349000874140070,Sat Oct 03 11:41:50 +0000 2026,selametdedi,"@yaniarsim @prabowo Semoga sikap kritisnya tetap tak berubah apalagi sekarang diwadahi secara legalitas, lebih leluasa menghujamkan kritiknya. Ok @rockygerung ❗️🔥",moga sikap kritis ubah wadah legalitas leluasa menghujamkan kritik ok,"likes: 0, retweets: 0"
2106348874575278471,Sat Oct 03 11:41:20 +0000 2026,NgajuNathan,"@BANGSAygSUJUD @prabowo Logika si bpk ini parah...harus nya kepala keluarga nya yg jdi kewajiban negara untuk, di siapkan lapangan kerja yg layak, dgn penghasilan yg baik, otomatis satu keluarga bisa sejahtera...bukan ksh makan anak nya orang tua nya di biarkan menganggur, apa mau diharap klu gini payah",logika bpk parahharus nya kepala keluarga nya wajib negara siap lapang kerja layak hasil otomatis keluarga sejahterabukan ksh makan anak nya orang tua nya biar anggur harap klu gin payah,"likes: 0, retweets: 0"
2106348836285534265,Sat Oct 03 11:41:11 +0000 2026,JohnKikuk,@BANGSAygSUJUD @prabowo Bapak di jalan yang benar tapi pembantu bapak yg bikin kekacauan,bapak jalan bantu bikin kacau,"likes: 0, retweets: 0"
2106348712582897857,Sat Oct 03 11:40:41 +0000 2026,pxft02,"@keluhkesahkonoh jujur semenjak Prabowo menjabat emg semuanya mencekik kalangan bawah. dia makin kaya kita makin menjerit, tapi fans fanatik Prabowo tidak menyadari itu.",jujur semenjak prabowo jabat emg cekik kalang kaya jerit fans fanatik prabowo sadar,"likes: 0, retweets: 0"
2106348703124685280,Sat Oct 03 11:40:39 +0000 2026,hellowangwang,"Yang nangisin Prabowo di pilpres 2024 ga dapat jabatan apapun Yang hina-hinq Prabowo, dapat jabatan watimpres Setolol itu kah kalian yang dulu nangisin Prabowo? 😅😅😅",yang nangisin prabowo pilpres 2024 jabat apa hinahinq prabowo jabat watimpres tolol kah nangisin prabowo,"likes: 0, retweets: 0"
2106348641631846457,Sat Oct 03 11:40:24 +0000 2026,Ahasveros000,@JdtfcC Kurang ngegas bro...teriak sikit kek Prabowo...😂,kurang ngegas broteriak sikit prabowo,"likes: 0, retweets: 0"
2106348581431222772,Sat Oct 03 11:40:10 +0000 2026,BullzardHoon,"pendukung anies itu rata2 boomer sapi mania, gen z nya cuma 1% jadi mereka cuma ga suka jokowi ketika anies diajak gabung langsung huat narasi ""prabowo mulai tinggalkan jokowi""",dukung anies rata2 boomer sapi mania gen z nya 1 suka jokowi anies ajak gabung langsung huat narasi prabowo tinggal jokowi,"likes: 1, retweets: 1"
2106348558869991791,Sat Oct 03 11:40:05 +0000 2026,JohnKikuk,@BiLLRaY2019 Gank oslo pelan pelan di gulung oleh Prabowo 🤣,gank oslo pelan pelan gulung prabowo,"likes: 0, retweets: 0"
2106348554080161987,Sat Oct 03 11:40:04 +0000 2026,PBatarius,@yaniarsim @prabowo Memang lidah tak bertulang.,memang lidah tulang,"likes: 0, retweets: 0"
2106348543602815383,Sat Oct 03 11:40:01 +0000 2026,EmilyBrook18641,"Presiden RI Prabowo Subianto meresmikan 218 jembatan yang tersebar di berbagai wilayah Indonesia. Untuk beliau, pembangunan jembatan adalah bagian dari upaya memastikan generasi muda Indonesia mendapatkan akses pendidikan yang lebih baik serta kehidu... https://t.co/TEIkAxuT8a",presiden ri prabowo subianto resmi 218 jembatan sebar wilayah indonesia beliau bangun jembatan upaya generasi muda indonesia akses didik hidu,"likes: 0, retweets: 0"
2106348531804246054,Sat Oct 03 11:39:58 +0000 2026,Chan48859021,"@wrahardian2 @OneLove4Human @DPR_RI @prabowo Bukan revisi UU yg di butuhkan negri ini Mul, tapi KEJUJURAN, KEJUJURAN MATI DI ERA JOKOWI &amp; PAMAN GIBRAN tau 🤮🤮🤮🤮",bukan revisi uu butuh negri mul jujur jujur mati era jokowi paman gibran tau,"likes: 0, retweets: 0"
2106348422685225065,Sat Oct 03 11:39:32 +0000 2026,blauparasite,@elllldiabloooo prabowo yg dateng dek,prabowo dateng dek,"likes: 0, retweets: 0"
2106348421519151179,Sat Oct 03 11:39:32 +0000 2026,intanalyze,Loo mo ngomong segudangg! Faktanya @AgusYudhoyono @PDemokrat anak @SBYudhoyono belum pernah ngerasain menang VIA PEMILU! Mas @gibran_tweet @SetwapresRI dgn @prabowo @KemensetnegRI terpilih via PEMILU! AHY jd menteri diawali dari prerogatip RI1 waktu itu @jokowi 7️⃣ . Fokus FAKTA!!,loo mo ngomong segudangg fakta anak ngerasain menang via milu mas pilih via milu ahy menteri awal prerogatip ri1 fokus fakta,"likes: 0, retweets: 0"
2106348352355152288,Sat Oct 03 11:39:15 +0000 2026,BANGSAygSUJUD,@AdapSaya @prabowo Gayamu 🤣😃,gaya,"likes: 0, retweets: 0"
2106348172738199760,Sat Oct 03 11:38:33 +0000 2026,lagiberthinking,prabowo meninggal gibran dipenjara mbg dihapus 🤤🤤🤤,prabowo tinggal gibran penjara mbg hapus,"likes: 1, retweets: 0"
2106348074734071917,Sat Oct 03 11:38:09 +0000 2026,Timanganten_L71,@ch_chotimah2 @prabowo @bang_dasco Nyimak,nyimak,"likes: 0, retweets: 0"
2106348040001044987,Sat Oct 03 11:38:01 +0000 2026,ldsookie,"pilih MBG anak tetep stunting, prabowo stunning",pilih mbg anak tetep stunting prabowo stunning,"likes: 1, retweets: 0"
2106347966709813745,Sat Oct 03 11:37:43 +0000 2026,Must_r77,"@KaredokLeunca__ @Urrangawak @prabowo Makkk,,, yuk gkgkgk bareng 😂🤣🤣🤣 https://t.co/b0x2srfRDK",makkk yuk gkgkgk bareng,"likes: 0, retweets: 0"
2106347896966955390,Sat Oct 03 11:37:27 +0000 2026,Jateng_Twit,Jusuf Hamka dilantik Presiden Prabowo Jadi Wantimpres https://t.co/pinhkrL222,jusuf hamka lantik presiden prabowo wantimpres,"likes: 0, retweets: 1"
2106347868911243684,Sat Oct 03 11:37:20 +0000 2026,falciformes,@jabogaytabek Islam ala prabowo,islam ala prabowo,"likes: 0, retweets: 0"
2106347785255891235,Sat Oct 03 11:37:00 +0000 2026,zettamangifera,"Pemerintahan prabowo iki sangat absurd, pake banget. Gajelas arahnya kemana.  Sampe kapan Indonesia iso nemu pemimpin sing nggenah ya Alloh.",perintah prabowo iki absurd pakai banget gajelas arah mana sampe indonesia iso nemu pimpin sing nggenah alloh,"likes: 1, retweets: 0"
2106347749935649131,Sat Oct 03 11:36:52 +0000 2026,HendroW02748370,@bagindo_kopi Efisiensi cap opo iki Wo... @prabowo  nggebabruuuus tok !,efisiensi cap opo iki wo nggebabruuuus tok,"likes: 0, retweets: 0"
2106347547841401020,Sat Oct 03 11:36:04 +0000 2026,DeepKeiii,@prabowo wok di medan ini banyak kali orang china buka usaha apa ga mau nge cek uangnya darimana dan izinnya gitu wok biar gubernur dan walikotanya ikut kerja wok dan karyawannya ga ada yang di tindas.,wok medan kali orang china buka usaha nge cek uang darimana izin gitu wok biar gubernur walikotanya kerja wok karyawannya tindas,"likes: 1, retweets: 0"
2106347517390758347,Sat Oct 03 11:35:56 +0000 2026,ramadhandirsl,@6_arung membenci jokowi dan prabowo mah sebuah keharusan,benci jokowi prabowo mah harus,"likes: 1, retweets: 1"
2106347416429777144,Sat Oct 03 11:35:32 +0000 2026,BantengPriangan,@AirinDatangLagi Itu artinya prabowo msh berada dlm bayang bayang Jkw,itu prabowo msh dlm bayang bayang jkw,"likes: 0, retweets: 0"
2106347313266651520,Sat Oct 03 11:35:08 +0000 2026,____insom,"Presiden Prabowo melantik 26 anggota Wantimpres dari berbagai latar belakang, mulai dari mantan menko, tokoh agama, hingga akademisi, demi memastikan pandangan yang komprehensif. #PeranWantimpres https://t.co/cABjUGZ1GR",presiden prabowo lantik 26 anggota wantimpres latar mantan menko tokoh agama akademisi pandang komprehensif peranwantimpres,"likes: 0, retweets: 0"
2106347303472910808,Sat Oct 03 11:35:05 +0000 2026,j0k3rw1,@6_arung Tapi yang kontra Prabowo lebih banyak,tapi kontra prabowo,"likes: 0, retweets: 0"
2106347237332967617,Sat Oct 03 11:34:50 +0000 2026,mikasatolo,Minimal presidennya bukan prabowo lah,minimal presiden prabowo,"likes: 2, retweets: 0"
2106347229321871564,Sat Oct 03 11:34:48 +0000 2026,Oktaa_ASF,kerja kagak gaji gede emg ANJING @prabowo,kerja kagak gaji gede emg anjing,"likes: 0, retweets: 0"
2106347064020066506,Sat Oct 03 11:34:08 +0000 2026,DalamDunia888,Isu Jokowi tolak jadi Wantimpres Prabowo sinyal perpecahan Koaliasi Prabowo-Jokowi??? Menurut sumber Generasi-co Jokowi akan fokus di PSI untuk persiapan pemilu 2029. Apakah Isu ini benar atau cuma sekedar konspirasi??? https://t.co/lwGAbo56J9,isu jokowi tolak wantimpres prabowo sinyal pecah koaliasi prabowojokowi sumber generasico jokowi fokus psi siap milu 2029 isu dar konspirasi,"likes: 0, retweets: 0"
2106347030352441718,Sat Oct 03 11:34:00 +0000 2026,ellitesquad,@Mukidioon2 Pengepungan prabowo oleh geng solo,kepung prabowo geng solo,"likes: 0, retweets: 0"
2106347030238908751,Sat Oct 03 11:34:00 +0000 2026,AdapSaya,@BANGSAygSUJUD @prabowo hadehhhhh narasimu  itu narasi otak kosong....,hadehhhhh narasi narasi otak kosong,"likes: 1, retweets: 1"
2106347018440638842,Sat Oct 03 11:33:57 +0000 2026,enoliska_,prabowo jadi presiden,prabowo presiden,"likes: 12, retweets: 0"
2106346980347949297,Sat Oct 03 11:33:48 +0000 2026,sectumseimpra,"kuliah yang rajin, jangan males bikin essay lu. biar bisa ambil beasiswa diluar negri. 2024 presiden lu prabowo, indonesia udah ga ada harapannya di 2026.",kuliah rajin males bikin essay biar ambil beasiswa luar negri 2024 presiden prabowo indonesia udah harap 2026,"likes: 0, retweets: 0"
2106346870331388363,Sat Oct 03 11:33:22 +0000 2026,kawanWH,"Presiden Prabowo Subianto resmi melantik Arrmanatha Christiawan Nasir sebagai Menteri Luar Negeri RI di Istana Negara, Jakarta, pada Kamis (1/10/2026). Ia menggantikan Sugiono yang kini menjabat sebagai Menteri Koordinator Bidang Pembangunan Manusia dan Kebudayaan.",presiden prabowo subianto resmi lantik arrmanatha christiawan nasir menteri negeri ri istana negara jakarta kamis 1102026 ganti sugiono jabat menteri koordinator bidang bangun manusia budaya,"likes: 0, retweets: 0"
2106346824546308251,Sat Oct 03 11:33:11 +0000 2026,kelixmann,@miniloveattack 15 yrs latter...,15 yrs latter,"likes: 0, retweets: 0"
2106346798738727220,Sat Oct 03 11:33:05 +0000 2026,Mybetawi,bro Presidenku @prabowo inikah yang namanya efisiensi..? giliran guru PPPK ga jelas nasibnya..,bro presiden nama efisiensi gilir guru pppk nasib,"likes: 1, retweets: 1"
2106346659085218008,Sat Oct 03 11:32:32 +0000 2026,inilahdotcom,"Estafet kepemimpinan di Korps Bhayangkara dari Jenderal Pol Listyo Sigit Prabowo kepada Jenderal Pol Suyudi Ario Seto membawa tantangan yang tak ringan. Di tengah keterbukaan informasi dan derasnya arus media sosial, pimpinan baru Polri dituntut makin luwes serta tidak alergi https://t.co/HzxuCvNPD6",estafet pimpin korps bhayangkara jenderal pol listyo sigit prabowo jenderal pol suyudi ario seto bawa tantang ringan buka informasi deras arus media sosial pimpin polri tuntut luwes alergi,"likes: 1, retweets: 0"
2106346604311822801,Sat Oct 03 11:32:19 +0000 2026,puymadness,i did love u in a thousand tiny unspoken ways^^,i did love u in a thousand tiny unspoken ways,"likes: 0, retweets: 0"
2106346555074646427,Sat Oct 03 11:32:07 +0000 2026,inilahdotcom,"Estafet kepemimpinan di Korps Bhayangkara dari Jenderal Pol Listyo Sigit Prabowo kepada Jenderal Pol Suyudi Ario Seto membawa tantangan yang tak ringan. Di tengah keterbukaan informasi dan derasnya arus media sosial, pimpinan baru Polri dituntut makin luwes serta tidak alergi https://t.co/VkRzXFvLvV",estafet pimpin korps bhayangkara jenderal pol listyo sigit prabowo jenderal pol suyudi ario seto bawa tantang ringan buka informasi deras arus media sosial pimpin polri tuntut luwes alergi,"likes: 0, retweets: 0"
2106346539962794026,Sat Oct 03 11:32:03 +0000 2026,Dokebassi,@giIangmahesa 😜 pks adalah partai yg memusuhi prabowo di pilpres 😂 Udah syukur diajak! Mgkn pks wajib menangkan pilgub jabar ajalah,pks partai musuh prabowo pilpres udah syukur ajak mgkn pks wajib menang pilgub jabar aja,"likes: 0, retweets: 0"
2106346510778786078,Sat Oct 03 11:31:56 +0000 2026,blossomjarr,"hatinya udah busuk, sesimple berbagi brownies aja dibilang cari muka. pantes lah presiden lu prabowo, rakyatnya aja tolol begitu",hati udah busuk sesimple bagi brownies aja bilang cari muka pantes presiden prabowo rakyat aja tolol,"likes: 0, retweets: 0"
2106346348119544253,Sat Oct 03 11:31:18 +0000 2026,Ijaunsi,@GraphAI_Net Tentara boto busuk @Puspen_TNI . Era rezim dzolim @prabowo kelakuan aparat semakin liar. Persis hyena.,tentara boto busuk era rezim dzolim laku aparat liar persis hyena,"likes: 0, retweets: 0"
2106346191856578565,Sat Oct 03 11:30:40 +0000 2026,akhbow,Hah? 😂,hah,"likes: 0, retweets: 0"
2106346127859867848,Sat Oct 03 11:30:25 +0000 2026,urdarlyng_,dri kemarin buka tl pas pms hawane sewottt anjing prabowo,dari kemarin buka tl pas pms hawane sewottt anjing prabowo,"likes: 0, retweets: 0"
2106346101066592470,Sat Oct 03 11:30:19 +0000 2026,kirazia01,@ardisatriawan Kita TIDAK BUTUH BAPAK  @prabowo  yg MEMIMPIN jadi PRESIDEN,kita butuh pimpin presiden,"likes: 0, retweets: 0"
2106345969914904828,Sat Oct 03 11:29:47 +0000 2026,Dokebassi,@BANGSAygSUJUD @prabowo 😂😂 memberi makan si hijau dan kepala burung,beri makan hijau kepala burung,"likes: 0, retweets: 0"
2106345851891384431,Sat Oct 03 11:29:19 +0000 2026,zen_dal,@tribunnews Jangan salah omong. Jabatan anda bisa hilang. Jika kasus ini direstui Prabowo. Meskipun beliau tidak pernah bicara. Pandai pandai lah menangkap aura dan jiwa RI 1. Jangan asal bicara. Hati hati.,jangan salah omong jabat hilang restu prabowo beliau bicara pandai pandai tangkap aura jiwa ri 1 bicara hati hati,"likes: 2, retweets: 0"
2106345845750944162,Sat Oct 03 11:29:18 +0000 2026,acinxoxo,"11 12 lah sama prabowo, londo ireng penyefonk orang asenkk mau org asenk salah pun ga berani ngecallout pdhl salah mereka sendiri, malah limpahin kesalahan ke korban what the hell bro 💀",11 12 prabowo londo ireng penyefonk orang asenkk orang asenk salah berani ngecallout pdhl salah limpahin salah korban what the hell bro,"likes: 22, retweets: 0"
2106345756114219191,Sat Oct 03 11:28:56 +0000 2026,ini_tukangojek,"@yaniarsim @prabowo Sekuat apapun, duwit RAKYAT itu bisa merubah segalanya. Kasihan RAKYAT ....",kuat apa duwit rakyat rubah kasihan rakyat,"likes: 0, retweets: 0"
2106345755590185121,Sat Oct 03 11:28:56 +0000 2026,Lian1961To,"@ardisatriawan Sekedar berpendapat Mungkin Sdh saatnya Pak Prabowo mengurangi pengeluaran untuk gaji, fasilitas, tunjangan, uang pensiun  pengelola negara. Porsi ini sangat memberatkan keuangan negara dan kinerja mereka banyak -  Terima kasih",dar dapat prabowo kurang keluar gaji fasilitas tunjang uang pensiun kelola negara porsi berat uang negara kerja terima kasih,"likes: 1, retweets: 0"
2106345564686487814,Sat Oct 03 11:28:11 +0000 2026,RADEN_NUH_,"Salut Gerak Cepat Kapolri dalam mewujudkan Program I &gt;&gt; Penguatan Kelembagaan  Hari ke-3 sudah geser 70% Pati Loyalis Jokowi dari jabatan strategis Kalau speed kayak gini, dalam 7 hari seluruh Genk Solo bakal masuk kotak Harapan besar pada Pemerintahaan Prabowo hidup kembali",salut gerak cepat kapolri wujud program i kuat lembaga ke3 geser 70 pati loyalis jokowi jabat strategis speed kayak gin 7 genk solo masuk kotak harap pemerintahaan prabowo hidup,"likes: 1, retweets: 5"
2106345492590579878,Sat Oct 03 11:27:54 +0000 2026,barongsaigacor,@ailecchino Keajaiban toko kelontong prabowo🤯,ajaib toko kelontong prabowo,"likes: 1, retweets: 0"
2106345480594817451,Sat Oct 03 11:27:51 +0000 2026,10969sxun_,@yaniarsim @prabowo Rocky plenger lu,rocky plenger,"likes: 0, retweets: 0"
2106345283563241799,Sat Oct 03 11:27:04 +0000 2026,Jihansetiawan_,pancen asuu sing milih prabowo i,pancen asuu sing milih prabowo i,"likes: 0, retweets: 1"
2106345115245834289,Sat Oct 03 11:26:24 +0000 2026,javaupdateid,"Presiden Prabowo Subianto melantik 26 anggota Dewan Pertimbangan Presiden (Wantimpres) pada Jumat, 2 Oktober 2026. Ada Pratikno, Hatta Rajasa, Rocky Gerung, Chairul Tanjung, hingga sejumlah tokoh nasional lainnya dalam jajaran baru ini. #Prabowo #Wantimpres #KabarIstana https://t.co/oPx7Ec2TEb",presiden prabowo subianto lantik 26 anggota dewan timbang presiden wantimpres jumat 2 oktober 2026 pratikno hatta rajasa rocky gerung chairul tanjung tokoh nasional jajar prabowo wantimpres kabaristana,"likes: 0, retweets: 0"
2106345043183407274,Sat Oct 03 11:26:06 +0000 2026,nagara2409,@katrinrienks @agus_4x @tokaidirecycle @ebonXboy @Annas_Cim @killingmaster99 @VerenaSusilowa1 @bonapasogit24 @Dinoxxx721 @oconXBoyy @RSjahfidi @Bara_Rc @RickyKardjono @HumorJonTampan @EviDrajat @Wan77575 @widarto63285827 @preman69691 @Jediimar @krucilan @Rahmah0845 @KING_RAJA_PWS_ @SopanEdan @OmpungGuru @hardye76 @NgkongRoses @Opposite6888 @VIRGO1409271346 @BANGSAygSUJUD @gtobing2903 @Sammi86Pilang @King_PWS_ @Blues_321lagi @ariokdr @Zurigh107 sakti dari hongkong trin Prabowo gamau lagi dengar arahan sikurap jokowi trin Prabowo mau dia 'The Real President' bukan diatur-atur sikurap jokowi mulu trin cuuuiiiiihhhhh...!!!  https://t.co/AqsNF1LJKO,sakti hongkong trin prabowo gamau dengar arah sikurap jokowi trin prabowo the real president diaturatur sikurap jokowi mulu trin cuuuiiiiihhhhh,"likes: 1, retweets: 0"
2106345026955706700,Sat Oct 03 11:26:03 +0000 2026,eloisepickles,Aware ke prabowo?,aware prabowo,"likes: 0, retweets: 0"
2106345023902306695,Sat Oct 03 11:26:02 +0000 2026,WowokOhm,@ch_chotimah2 @prabowo @bang_dasco Kaga ngaruh jg kali ... 😅,kaga ngaruh jg kali,"likes: 0, retweets: 0"
2106344975063564652,Sat Oct 03 11:25:50 +0000 2026,tentramdjiwa,po ra malah bingung yaa? wong 161 kuwi aku yakin prabowo ra apal kabeh 😭😭,po ra bingung yaa 161 kuwi prabowo ra apal kabeh,"likes: 0, retweets: 0"
2106344960253448669,Sat Oct 03 11:25:47 +0000 2026,katrinrienks,@nagara2409 @agus_4x @tokaidirecycle @ebonXboy @Annas_Cim @killingmaster99 @VerenaSusilowa1 @bonapasogit24 @Dinoxxx721 @oconXBoyy @RSjahfidi @Bara_Rc @RickyKardjono @HumorJonTampan @EviDrajat @Wan77575 @widarto63285827 @preman69691 @Jediimar @krucilan @Rahmah0845 @KING_RAJA_PWS_ @SopanEdan @OmpungGuru @hardye76 @NgkongRoses @Opposite6888 @VIRGO1409271346 @BANGSAygSUJUD @gtobing2903 @Sammi86Pilang @King_PWS_ @Blues_321lagi @ariokdr @Zurigh107 Iya bener nih @nagara2409 ... Prabowo sendiri yg bilang https://t.co/oF6vSMByri,iya bener prabowo bilang,"likes: 2, retweets: 0"
2106344764782358915,Sat Oct 03 11:25:00 +0000 2026,RomyLestari,@BANGSAygSUJUD @prabowo https://t.co/PD6VJlnXfV,,"likes: 0, retweets: 0"
2106344665591214495,Sat Oct 03 11:24:36 +0000 2026,Pasutri_Plmbg,@DokterTifa Semoga ini tanda tanda Prabowo lepas dari jokowi,moga tanda tanda prabowo lepas jokowi,"likes: 0, retweets: 0"
2106344631671873844,Sat Oct 03 11:24:28 +0000 2026,KawalProgram,"@tham878 Seharusnya, penyetaraan ijazah dari luar negeri itu hanya mungkin diproses oleh Kemdikbud jika terdapat surat keterangan dari Kedutaan Besar setempat. Walaupun tidak lulus, mestinya surat ini bisa diurus dan berdasarkan ini Kemdikbud baru bisa menilai setaranya apa @officialMKRI https://t.co/RcdyyuwRRf",harus tara ijazah negeri proses kemdikbud surat terang duta lulus mesti surat urus dasar kemdikbud nilai tara,"likes: 0, retweets: 0"
2106344595407917183,Sat Oct 03 11:24:20 +0000 2026,benkbambang,@yaniarsim @prabowo org ini hanya pintar olah kata yg tk sesuai dg tindakannya,orang pintar olah tk sesuai dg tindak,"likes: 1, retweets: 0"
2106344385529213394,Sat Oct 03 11:23:30 +0000 2026,murpid6661,@jjhwonu Kalo malaysia mau final melawan thailand silakan ambil tapi tolong pindahkan prabowo jadi president malaysia. Oke deal,kalau malaysia final lawan thailand sila ambil tolong pindah prabowo president malaysia oke deal,"likes: 0, retweets: 0"
2106344375097946166,Sat Oct 03 11:23:27 +0000 2026,presidenajel,kuliah = malas  kelas = malas proyek konsultasi = malas metopen = malas sempro = malas  prabowo = malas  pj matkul bahasa inggris matkul refreshing kelas 5b = keren,kuliah malas kelas malas proyek konsultasi malas metopen malas sempro malas prabowo malas pj matkul bahasa inggris matkul refreshing kelas 5b keren,"likes: 0, retweets: 0"
2106344365152981444,Sat Oct 03 11:23:25 +0000 2026,pelat_baja,"@EyakAlbusdum @agussediono82 @NephilaXmus @aniesbaswedan Jokowi itu gapunya akal, tapi nurut sama rekomendasi konsultan. Prabowo powerful tapi sering kalah sama pikiran &amp; emosi sendiri",jokowi gapunya akal nurut rekomendasi konsultan prabowo powerful kalah pikir emosi,"likes: 0, retweets: 0"
2106344332655817065,Sat Oct 03 11:23:17 +0000 2026,kelixmann,@miniloveattack sori..,sori,"likes: 0, retweets: 0"
2106344220663636397,Sat Oct 03 11:22:50 +0000 2026,iscovser_,Daripada Prabowo mending Pramono!,daripada prabowo mending pramono,"likes: 0, retweets: 0"
2106344060789338195,Sat Oct 03 11:22:12 +0000 2026,ungitary,"@genzcorporation weird, i mean yang di lakuin prabowo selama ini tuh kualitas nya kaya common sense nya anak sd disuruh bayangin jadi presiden, serba teknis, padahal concern nya di ranah macro-economics, and instead of ngebangun pondasi nya secara bener dulu",weird i mean lakuin prabowo kualitas nya kaya common sense nya anak sd suruh bayangin presiden serba teknis concern nya ranah macroeconomics and instead of ngebangun pondasi nya bener,"likes: 0, retweets: 0"
2106344011833483280,Sat Oct 03 11:22:01 +0000 2026,kelixmann,road trip keliling inggris yuk @rskuntowiyoga @halftimeculture @krisiparuhbaya,road trip keliling inggris yuk,"likes: 3, retweets: 0"
2106343811903578594,Sat Oct 03 11:21:13 +0000 2026,DanyRidhany,@Stakof Kitab Ndas Kapital dan Islam ala Prabowo,kitab ndas kapital islam ala prabowo,"likes: 0, retweets: 0"
2106343806400663812,Sat Oct 03 11:21:12 +0000 2026,AudinaEls,Presiden @prabowo angkat Ketua Ombudsman Baru Nurzan Joher gantikan Hery yg tersandung kasus hukum #PeranWatimpres #Ombudsman https://t.co/rv0qdHOMtr,presiden angkat ketua ombudsman nurzan joher ganti hery sandung hukum peranwatimpres ombudsman,"likes: 0, retweets: 0"
2106343756060635276,Sat Oct 03 11:21:00 +0000 2026,kazumasatou888,@saptaipb artinya prabowo orangnya ga bisa dietir 😹,arti prabowo orang dietir,"likes: 0, retweets: 0"
2106343703782760908,Sat Oct 03 11:20:47 +0000 2026,a__nurrachman,"@ardisatriawan Nggedabrus si Prabowo mah, bisanya pencitraan doang",nggedabrus prabowo mah bisa citra doang,"likes: 0, retweets: 0"
2106343615870238971,Sat Oct 03 11:20:26 +0000 2026,Jaswandi_Salim,"📈 Update: 2,4K views menuju 2,5K.  Strategi #DiridhoiLangit #GerakanNasional untuk #Sumitronomics 8% terus berjalan. Mohon doanya 🙏🏻 #RI @prabowo",update 24k views 25k strategi diridhoilangit gerakannasional sumitronomics 8 jalan mohon doa ri,"likes: 0, retweets: 0"
2106343559834259619,Sat Oct 03 11:20:13 +0000 2026,makelarcapres,"@TeddGus Masalahnya kasian sama elo,tiap hari sanjung2 prabowo dan jokowi  tapi masih saja jadi gembel,kalah sama Rocky yg tiap hari kritik penerintah,eh malah dia di angkat jadi wantimpres😂😂😂",masalah kasi elotiap sanjung2 prabowo jokowi gembelkalah rocky kritik penerintaheh angkat wantimpres,"likes: 0, retweets: 0"
2106343553492213850,Sat Oct 03 11:20:11 +0000 2026,maggitomyammm,Kalau tengok IQ indon sekarang pemilu 2029 mesti prabowo menang lagi,kalau tengok iq indon milu 2029 mesti prabowo menang,"likes: 0, retweets: 0"
2106343494264774747,Sat Oct 03 11:19:57 +0000 2026,obor_keadilan,"@Heraloebss Gibran gak layak kompetensi, terseret dikubangan hukum admistrasi Negara dan hukum tatanegara. Prabowo yes Kepala Negara dan kepala pemerintahan",gibran layak kompetensi seret kubang hukum admistrasi negara hukum tatanegara prabowo yes kepala negara kepala perintah,"likes: 0, retweets: 0"
2106343392867475920,Sat Oct 03 11:19:33 +0000 2026,mierthea78,@Boediantar4 Saya boleh ketawa gak  Hehehhe Pak @prabowo  Pasti senyum senyum  Kalah kelam sama gw  Gw teaaaaa Hidup Jokowi  Semoga semua punya niat baik  Iman yang  kuat  Berbuat baik sebelum pada meninggal,saya ketawa hehehhe senyum senyum kalah kelam teaaaaa hidup jokowi moga niat iman kuat buat tinggal,"likes: 0, retweets: 0"
2106343387096027397,Sat Oct 03 11:19:32 +0000 2026,ridarhendri,"@OposisiCerdas Kok marah? Nggak mungkin tokoh bangsa secerdas Prabowo, dibilang dungu, kan. Yang dungu, ya yang mempersoalkan Rocky Gerung ini.",kok marah tokoh bangsa cerdas prabowo bilang dungu dungu rocky gerung,"likes: 0, retweets: 0"
2106343269903057235,Sat Oct 03 11:19:04 +0000 2026,pokdes_101,"Bismillahh jd apa gtu kek..😇😇😇 boleh warimpres juga deh, bagian jejepangan. @prabowo  tolong hire saya jd konsultan tki jpg🤣🤣🤣",bismillahh gtu warimpres deh jejepangan tolong hire konsultan tki jpg,"likes: 0, retweets: 0"
2106343121756020973,Sat Oct 03 11:18:28 +0000 2026,AudinaEls,Menerawang strategi Presiden @prabowo rangkul beragam pandangan angkat jadi Watimpres #PeranWatimpres  https://t.co/GW7dSlHWiR,terawang strategi presiden rangkul agam pandang angkat watimpres peranwatimpres,"likes: 0, retweets: 0"
2106343118333423858,Sat Oct 03 11:18:28 +0000 2026,OposisiCerdas,Apa Kehebatan Suyudi Ario Seto? Ini Dugaan Alasan Prabowo Tunjuk jadi Kapolri https://t.co/AUo2sMxd0O,apa hebat suyudi ario seto duga alas prabowo kapolri,"likes: 1, retweets: 6"
2106343067733430679,Sat Oct 03 11:18:15 +0000 2026,edhus81,"@KaredokLeunca__ @prabowo Aya NU ceurik teu dilantik ,Coba bere premen Mak ...",aya nu ceurik teu lantik coba bere premen mak,"likes: 0, retweets: 0"
2106343050473824653,Sat Oct 03 11:18:11 +0000 2026,pokdes_101,"Kalau kamu punya ide gagasan bagus buat negara, simpanlah Klo kamu kaya, dan punya gagasan bagus buat negara, masuklah ke pemerintahan, jgn usahakan sndiri, nnti pemerintah manja, rakyat memcemooh “oh gtu doang?” Jd klo ada gagasan bagus… lgsung saja jd pemimpin. Spt prabowo 🔥",kalau ide gagas bagus negara simpan kaya gagas bagus negara masuk perintah usaha sndiri nnti perintah manja rakyat memcemooh oh gtu doang gagas bagus lgsung pimpin spt prabowo,"likes: 0, retweets: 0"
2106342995926958348,Sat Oct 03 11:17:58 +0000 2026,Surya_Angkasa,@ardisatriawan Lah kan anda yg abisin uang negara sia2 Omong kosong efisiensi  Pidatomu ngga bisa dipercaya @prabowo @Gerindra,lah abisin uang negara sia2 omong kosong efisiensi pidato percaya,"likes: 0, retweets: 0"
2106342806004654293,Sat Oct 03 11:17:13 +0000 2026,samhugget,@tribunnews Ini yang disebut Prabowo profesor saking pinternya jadi goblok ya ini margarito kemis wage,ini prabowo profesor saking pinternya goblok margarito kemis wage,"likes: 3, retweets: 0"
2106342787948101871,Sat Oct 03 11:17:09 +0000 2026,AgusTia79936952,"@03__nakula Wow. Dulu. “Pak Prabowo tenang, sudah ada saya"".",wow prabowo tenang,"likes: 0, retweets: 0"
2106342781623140442,Sat Oct 03 11:17:07 +0000 2026,JHowandhy30819,@Indonesia_java @giIangmahesa @jokowi @prabowo Terus si Gerung gabung jadi wantimpres berarti dia lebih tolol lagi🤣🤣🤣,terus gerung gabung wantimpres tolol,"likes: 0, retweets: 0"
2106342771913273416,Sat Oct 03 11:17:05 +0000 2026,wiji_lagi,"@awaaannnn__ Pak @prabowo  harus tanggungjawab, orang sudah tua disuruh perang.",pak tanggungjawab orang tua suruh perang,"likes: 0, retweets: 0"
2106342747233816844,Sat Oct 03 11:16:59 +0000 2026,M_Irwan_F,"@yaniarsim @prabowo Demi gaji buta 76juta  sebulan, celana dipelorotin🤡🤣",demi gaji buta 76juta bulan celana dipelorotin,"likes: 0, retweets: 0"
2106342644767220110,Sat Oct 03 11:16:35 +0000 2026,derarang,"@rang_simabua Selama ini banyak yg sudah di posisi wantimpres selama beberapa periode, hasil...? Big zonk! @prabowo seharusnya anda lebih bijak, bukan cuma atas dasar balas jasa dan kepentingan partai atau politik. Coba sesekali anda mengedepankan rakyat, bukan cuma koar2 omon2!",lama posisi wantimpres periode hasil big zonk bijak dasar balas jasa penting partai politik coba depan rakyat koar2 omon2,"likes: 0, retweets: 0"
2106342590694183003,Sat Oct 03 11:16:22 +0000 2026,nagara2409,"@agus_4x @tokaidirecycle @ebonXboy @Annas_Cim @killingmaster99 @katrinrienks @VerenaSusilowa1 @bonapasogit24 @Dinoxxx721 @oconXBoyy @RSjahfidi @Bara_Rc @RickyKardjono @HumorJonTampan @EviDrajat @Wan77575 @widarto63285827 @preman69691 @Jediimar @krucilan @Rahmah0845 @KING_RAJA_PWS_ @SopanEdan @OmpungGuru @hardye76 @NgkongRoses @Opposite6888 @VIRGO1409271346 @BANGSAygSUJUD @gtobing2903 @Sammi86Pilang @King_PWS_ @Blues_321lagi @ariokdr @Zurigh107 survei itu dibayar muL, gw lebih percaya media berita muL https://t.co/GA0kocnbRn",survei bayar mul percaya media berita mul,"likes: 1, retweets: 0"
2106342580124590362,Sat Oct 03 11:16:19 +0000 2026,rhcelious,iya guys walau aku tau jadi baik itu susah kalo presidennya prabowo 😣😣😣😣 tetap #SIAGA #istigfar #sedekah,iya guys tau susah presiden prabowo siaga istigfar sedekah,"likes: 0, retweets: 0"
2106342565939155138,Sat Oct 03 11:16:16 +0000 2026,orraeruh,@SupriadiRocky @be_hamami Tuh kan rata2 buzzer okegas dongonya muncul duluan sebelum otak loading bentar.  Mau prabowo arak-orok emang gw peduli.,tuh rata2 buzzer okegas dongonya muncul duluan otak loading bentar prabowo arakorok emang peduli,"likes: 0, retweets: 0"
2106342425119912084,Sat Oct 03 11:15:42 +0000 2026,RadioElshinta,Komisi I DPR sebut reshuffle kabinet Prabowo bentuk evaluasi https://t.co/vg61xjgZQF,komisi i dpr reshuffle kabinet prabowo bentuk evaluasi,"likes: 1, retweets: 0"
2106342383545938349,Sat Oct 03 11:15:32 +0000 2026,ardi_tama1,"Akhirnya masalahnya Roger sama Kayak Prabowo, sulit nganggep mereka pinter di 2026  karena pendidikan tingginya rendah…..  padahal mereka memang beneran pinter, prabowo sendiri itu avid reader. Sangat mungkin prabowo baca buku jauh lebih banyak dari genzi yg bilang prabowo",akhir roger kayak prabowo sulit nganggep pinter 2026 didik tinggi rendah beneran pinter prabowo avid reader prabowo baca buku genzi bilang prabowo,"likes: 0, retweets: 0"
2106342357063155980,Sat Oct 03 11:15:26 +0000 2026,sjfi_twider,@LondonMaznah Aku beranggapan geng anti-Malaysia yang rancang benda ni. Aku tak spesifikkan pro Prabowo atau anti Prabowo sebab aku percaya orang Indo anti Malaysia ada dalam dua2 puak ni.,aku anggap geng antimalaysia rancang benda ni spesifik pro prabowo anti prabowo percaya orang indo anti malaysia dua2 puak ni,"likes: 0, retweets: 0"
2106342344396345537,Sat Oct 03 11:15:23 +0000 2026,keluhanwarganet,"Jujur deh ga usah boong, dulu yang nyoblos prabowo, sekarang gimana perasaan nya??",jujur deh boong nyoblos prabowo gimana asa nya,"likes: 2, retweets: 0"
2106342201269883203,Sat Oct 03 11:14:49 +0000 2026,Markeso67633508,@GamefaqsIDN @KapudS640 Emangnya prabowo itu gak ngerti negara ya.. tinggal ngatur air aja masih jd masalah.. msh salah jokowi..,emang prabowo ngerti negara tinggal ngatur air aja msh salah jokowi,"likes: 0, retweets: 0"
2106342128142229806,Sat Oct 03 11:14:31 +0000 2026,Surya_Angkasa,@kompascom Lah emang siapa lo? Itu kan tanggung jawab kalian Aneh cara pikirnya  @prabowo @Gerindra,lah emang tanggung aneh pikir,"likes: 0, retweets: 0"
2106342061817602262,Sat Oct 03 11:14:16 +0000 2026,NMS_Sukmajati,@ch_chotimah2 @prabowo @bang_dasco buzzerRp tak punya harga diri,buzzerrp harga,"likes: 2, retweets: 2"
2106342003084816604,Sat Oct 03 11:14:02 +0000 2026,kelixmann,@ddiannss yoman,yoman,"likes: 0, retweets: 0"
2106341986584391788,Sat Oct 03 11:13:58 +0000 2026,lightsgloss,Prabowo ajg,prabowo ajg,"likes: 0, retweets: 0"
2106341943269802364,Sat Oct 03 11:13:47 +0000 2026,derarang,"@ardisatriawan Kita butuh uang, 1 sisi anda pamerkan pemborosan, what a shame! @prabowo @setkabgoid @tedsky89",kita butuh uang 1 sisi pamer boros what a shame,"likes: 0, retweets: 0"
2106341850512838770,Sat Oct 03 11:13:25 +0000 2026,AmaludinSyin,@cowostress Kabeh omongane prabowo,kabeh omongane prabowo,"likes: 0, retweets: 0"
2106341780333687005,Sat Oct 03 11:13:09 +0000 2026,posieen,pemuja prabowo ini emang pada goblok tolol semua kayak idolanya,puja prabowo emang goblok tolol kayak idola,"likes: 0, retweets: 0"
2106341766240858542,Sat Oct 03 11:13:05 +0000 2026,shavyre,@ardisatriawan Wahai orang India.. Prabowo ambil aja nih.. kita ngga butuh,wahai orang india prabowo ambil aja butuh,"likes: 3, retweets: 0"
2106341731306528798,Sat Oct 03 11:12:57 +0000 2026,BungkusMul67022,@NenkMonica Dulu pas berangkat ke kantor KPU di elu2 kan pendukung Prabowo,dulu pas berangkat kantor kpu elu2 dukung prabowo,"likes: 0, retweets: 0"
2106341642248835479,Sat Oct 03 11:12:36 +0000 2026,SutrisnoSpog,"@msaid_didu @syahganda @prabowo Semoga tidak terjadi seperti Argumentasi Prof Mahfud  "" Malaikatpun setelah masuk Sistem berubah menjadi IBLIS "" https://t.co/R27xqVefGk",moga argumentasi prof mahfud malaikat masuk sistem ubah iblis,"likes: 0, retweets: 0"
2106341619813453899,Sat Oct 03 11:12:30 +0000 2026,kelixmann,@hiYano geus moal baleg,geus moal baleg,"likes: 0, retweets: 0"
2106341470898905449,Sat Oct 03 11:11:55 +0000 2026,AerisLiakey,"@diktumid Prabowo tinggal duduk manis, debatnya buat nge-hibur dia aja.",prabowo tinggal duduk manis debat ngehibur aja,"likes: 0, retweets: 0"
2106341411817972143,Sat Oct 03 11:11:41 +0000 2026,diverrse,@flirtycaracal @alexdananjaya @christasyd kalau ada pilihan buat ga pilih jokowi atau prabowo juga pasti udh pilih yang lain pas jaman itu.,kalau pilih pilih jokowi prabowo pilih pas jaman,"likes: 0, retweets: 0"
2106341327814397958,Sat Oct 03 11:11:21 +0000 2026,dodolboks,@Strategi_Bisnis Besok pilih prabowo atau gibran lagi jangan lupa,besok pilih prabowo gibran lupa,"likes: 0, retweets: 0"
2106341300559819253,Sat Oct 03 11:11:14 +0000 2026,nasining,mending lu hujat prabowo aja,mending hujat prabowo aja,"likes: 0, retweets: 0"
2106341245589320022,Sat Oct 03 11:11:01 +0000 2026,haloimhere__,akhirnya terbayar usaha  jilat prabowo dr 2019 ye rok.,akhir bayar usaha jilat prabowo dr 2019 ye rok,"likes: 0, retweets: 0"
2106341163020259710,Sat Oct 03 11:10:41 +0000 2026,Smittyweber19,"@hailhailhydra @dragneelAed @aarummanis Prabowo: di sumatera listrik udah nyala Orang sumatera: apaan listrik masih mati Prabowo: dih apaan sih lu Orang ga tau situasi aslinya, dikoreksi, malah marah. Femitard 2026 everybody 👏👏👏👏",prabowo sumatera listrik udah nyala orang sumatera listrik mati prabowo dih sih orang tau situasi asli koreksi marah femitard 2026 everybody,"likes: 0, retweets: 0"
2106341103062687980,Sat Oct 03 11:10:27 +0000 2026,kukukakikiriku,@msywishmeluck @nadyanmn_ Ini seorang lagi. Kalah bola yang dia fikir. Dapat prabowo kalah segalanya tak fikir pula. Bola dapat bagi makan kamu kah kalau rupiah merosot 🤣🤣,ini kalah bola fikir prabowo kalah fikir bola makan kah rupiah merosot,"likes: 0, retweets: 0"
2106340872321437827,Sat Oct 03 11:09:32 +0000 2026,DTophunk,@yaniarsim @prabowo THE REAL BADJINGAN INI ORANG !,the real badjingan orang,"likes: 0, retweets: 0"
2106340752041103854,Sat Oct 03 11:09:03 +0000 2026,corongganjar,Presiden @prabowo lantik Nuzran Joher jadi Ketua @OmbudsmanRI137  #PeranWatimpres https://t.co/r36PRzh4tz,presiden lantik nuzran joher ketua peranwatimpres,"likes: 0, retweets: 0"
2106340654037205490,Sat Oct 03 11:08:40 +0000 2026,Aloahomora,"@leowonyangi @saucin4sho lah kocak kata gue mah kayak pidato prabowo anjg yang gak nyambung dan banyak nyawit itu. 😂 kalau gitu bacotin juga dong sutis sutis yang masih ngebacot bawa bawa kma, ngeremehin effort elis yang ngelist scammer setelah banyak ditipu, dan belum lagi manusia blunder kayak lu.",lah kocak mah kayak pidato prabowo anjg nyambung nyawit gitu bacotin sut sut ngebacot bawa bawa kma ngeremehin effort elis ngelist scammer tipu manusia blunder kayak,"likes: 0, retweets: 0"
2106340538584834297,Sat Oct 03 11:08:12 +0000 2026,abahahay2,Ini @rockygerung yang sebelum dapet santunan welas asih dari wowok @prabowo  Naaah kali sekarang udah beda jauh laaah,ini dapet santun welas asih wowok naaah kali udah beda laaah,"likes: 0, retweets: 0"
2106340405071471079,Sat Oct 03 11:07:41 +0000 2026,budakbaong_007,@KaredokLeunca__ @prabowo Lalieur mak,lalieur mak,"likes: 0, retweets: 0"
2106340355734110409,Sat Oct 03 11:07:29 +0000 2026,argasta_kecil,@BANGSAygSUJUD @prabowo Padahal kenyataan di lapangan cuma meracuni anak² generasi penerus bangsa. Laknat,padahal nyata lapang racun anak generasi terus bangsa laknat,"likes: 0, retweets: 0"
2106340303770923519,Sat Oct 03 11:07:16 +0000 2026,corongganjar,"Angkat 26 Watimpres, strategi Presiden @prabowo rangkul beragam pandangan #PeranWatimpres  https://t.co/ckUZUZjfQT",angkat 26 watimpres strategi presiden rangkul agam pandang peranwatimpres,"likes: 0, retweets: 0"
2106340289191592345,Sat Oct 03 11:07:13 +0000 2026,retiredfaggy,Pasmingbased and bigmo can go to hell with prabowo rn,pasmingbased and bigmo can go to hell with prabowo rn,"likes: 1, retweets: 0"
2106340286284849460,Sat Oct 03 11:07:12 +0000 2026,JatimRoest50417,@rangga_ga555 @msaid_didu @prabowo Wewenang itu sesuai dengan tupoksi masing2 lembaga dan yang jelas masih dekat dan dipercaya dengan Presiden.,wewenang sesuai tupoksi masing2 lembaga percaya presiden,"likes: 0, retweets: 0"
2106340182048039334,Sat Oct 03 11:06:47 +0000 2026,ryulzm,@DazedKorea lu jangan kayak prabowo di tegur mulu gak mempan mau lu apasi cuki,anda kayak prabowo tegur mulu mempan apas cuki,"likes: 5, retweets: 2"
2106340147503759517,Sat Oct 03 11:06:39 +0000 2026,gesangwnugroho,"@sosmedkeras Prabowo sedang menyiapkan pasukan sebanyak mungkin untuk membela dan mendukungnya di pilpres 2029, ini fakta",prabowo pasu bela dukung pilpres 2029 fakta,"likes: 0, retweets: 0"
2106340042105143477,Sat Oct 03 11:06:14 +0000 2026,vicko_twitt,"Selain jalan2 keluar negeri,pidato bikin IHSG dan kurs bergejolak,satu lagi hobi Prabowo yg sering dia lakukan: melantik pejabat Serba pecah rekor wok🔥 https://t.co/OWrRFNA5Mx",selain jalan2 negeripidato bikin ihsg kurs bergejolaksatu hobi prabowo laku lantik jabat serba pecah rekor wok,"likes: 1, retweets: 0"
2106339904133403083,Sat Oct 03 11:05:41 +0000 2026,vcutiex,kalo gue bantu setujuin statement ini apakah prabowo bakal ngasih jabatan kosong ke gue? #hmm interesting,kalau bantu setujuin statement prabowo ngasih jabat kosong hmm interesting,"likes: 0, retweets: 0"
2106339885028462611,Sat Oct 03 11:05:37 +0000 2026,penggemarsayur,@ardisatriawan Potong gaji pejabat  Miskinkan koruptor  Hukum mati koruptor bukan malah bangunin lapas mewah  Gimana pak @prabowo  Ada solusi lebi gampang pak!!! NAIKAN PAJAKKKKK,potong gaji jabat miskin koruptor hukum mati koruptor bangunin lapas mewah gimana solusi lebi gampang naik pajakkkkk,"likes: 0, retweets: 0"
2106339867533918606,Sat Oct 03 11:05:32 +0000 2026,Arolumb1102,Aman lah itu baru kali ini teriakannya direspon Prabowo,aman kali ria direspon prabowo,"likes: 0, retweets: 0"
2106339764706394259,Sat Oct 03 11:05:08 +0000 2026,winnyTNI,@winnytillidie aku kira tanggal 3 udh gak ada di kalender 👀,aku tanggal 3 kalender,"likes: 0, retweets: 0"
2106339738059784309,Sat Oct 03 11:05:02 +0000 2026,chaaaaww,"Selalu kehilangan semangat buat aktif tiap sabtu sama minggu, algonya pasti jelek sejelek kepemimpinan prabowo.",selalu hilang semangat aktif sabtu minggu algonya jelek jelek pimpin prabowo,"likes: 2, retweets: 1"
2106339688856670568,Sat Oct 03 11:04:50 +0000 2026,kelixmann,"@DediTsuwabuki well, actuallly i was cuntinuing my shade, this shade in particular. kamu belom nangkep konteks twitku, tapi gapapa. poin kamu valid kok https://t.co/91sYABv1yW",well actuallly i was cuntinuing my shade this shade in particular bom nangkep konteks twitku gapapa poin valid,"likes: 1, retweets: 0"
2106339614336377021,Sat Oct 03 11:04:32 +0000 2026,eozmseans,"@fiollate Iya lagi, setara Prabowo menjabat",iya tara prabowo jabat,"likes: 0, retweets: 0"
2106339344403628370,Sat Oct 03 11:03:28 +0000 2026,mspecter08,@LambeSahamjja Dari akumulasi ini bisa kita menilai internal pemerintahan Pak Prabowo saat ini dalam tekanan berat watimpres saja sebanyak itu belum lagi lembaga2 yang baru dibentuk lainnya. Presiden sepertinya belum seirama sejalan dengan pejabat2 kabinet merah putihnya.,dari akumulasi nilai internal perintah prabowo tekan berat watimpres lembaga2 bentuk presiden irama jalan pejabat2 kabinet merah putih,"likes: 0, retweets: 0"
2106339293522485534,Sat Oct 03 11:03:16 +0000 2026,YuddyMelly,@Franken_blues Menyala presiden ku @prabowo Terima kasih sudah 🥱🇲🇨🔥,nyala presiden ku terima kasih,"likes: 0, retweets: 0"
2106339252825108557,Sat Oct 03 11:03:06 +0000 2026,Radjabalam,"@LiterasiRakyat Karakter Prabowo main banyak kaki. Termasuk bagi2 cuan, spy usaha klg nya juga gak diusik2.. Ttp gak bisa berharap sama Prabowo. Negara ini perlu pemimpin amanah bukan pengpeng yg abu2..",karakter prabowo main kaki bagi2 cuan spy usaha klg nya diusik2 ttp harap prabowo negara pimpin amanah pengpeng abu2,"likes: 1, retweets: 0"
2106339116292194541,Sat Oct 03 11:02:33 +0000 2026,godcomplexed7,bego dah lu udah tua astagfirullahaladzim malu maluin bangsa dan negara lu lebih najis dri pd prabowo kontol,bego dah udah tua astagfirullahaladzim malu maluin bangsa negara najis pd prabowo kontol,"likes: 0, retweets: 0"
2106339055084675195,Sat Oct 03 11:02:19 +0000 2026,AchmadMuba85124,@sbyfess Udah denger pidato prabowo belum?? 😁,udah denger pidato prabowo,"likes: 0, retweets: 0"
2106338880098345467,Sat Oct 03 11:01:37 +0000 2026,azkafii,"@agussediono82 @NephilaXmus @aniesbaswedan Kalau lepas Gibran, voters pro Jok hilang.  Prabowo harus cari voters baru yg lumayan banyak. Dan Anies punya itu.  Anies pun kayaknya mau. Posisi Wapres sangat menguntungkan dia &amp; mungkin 2034 akan di dukung Prabs sbg RI 1 🤔",kalau lepas gibran voters pro jok hilang prabowo cari voters lumayan anies anies kayak posisi wapres untung 2034 dukung prabs sbg ri 1,"likes: 0, retweets: 0"
2106338809780875519,Sat Oct 03 11:01:20 +0000 2026,iniwoojin_woi,"@weaupon prabowo:""gw lagi gw lagi""",prabowogw,"likes: 0, retweets: 0"
2106338750607548774,Sat Oct 03 11:01:06 +0000 2026,Prasejaya,@rayestu Kalau Sampek Prabowo nunjuk Anies jadi wapres sih kocak ya. Kebayang tuh buzzer yg nyerang Anies terus jadi ngebelain Anies.,kalau sampek prabowo nunjuk anies wapres sih kocak bayang buzzer nyerang anies ngebelain anies,"likes: 0, retweets: 0"
2106338605300138073,Sat Oct 03 11:00:32 +0000 2026,mephistoik,@livinfreey cium prabowo?,cium prabowo,"likes: 0, retweets: 0"
2106338514493428029,Sat Oct 03 11:00:10 +0000 2026,Al__Mubarok,@ch_chotimah2 @prabowo @bang_dasco Ngimpi di siang bolong,ngimpi siang bolong,"likes: 0, retweets: 0"
2106338476933181524,Sat Oct 03 11:00:01 +0000 2026,txtharihariWNI,"Gue sedih banget, Mbah Leginah meninggal 😭😭 Lagi suka banget nonton kontennya, apalagi gara-gara dapat telepon dari Prabowo disuruh kokang bedil 😭😭💔💔 Ada yang ngikutin Mbah-nya juga nggak, guys, dari awal? 🥺 https://t.co/FyxqBezVwp",saya sedih banget mbah leginah tinggal suka banget nonton konten garagara telepon prabowo suruh kokang bedil ngikutin mbah guys,"likes: 0, retweets: 0"
2106338432608014344,Sat Oct 03 10:59:50 +0000 2026,KelinciPaskah,@bagindo_kopi Punya penasihat presiden banyak tapi yg didengar si Prabowo tetap cuma omongan Ayangnya si Bun Ted.,punya nasihat presiden dengar prabowo omong ayangnya bun ted,"likes: 0, retweets: 0"
2106338415562440866,Sat Oct 03 10:59:46 +0000 2026,nameles_id,@diktumid Pliharaan prabowo banyak bngt😭,pliharaan prabowo bngt,"likes: 0, retweets: 0"
2106338370779766942,Sat Oct 03 10:59:36 +0000 2026,adityanew46,"@msaid_didu @prabowo Lho kok said Didu gak ada di daftar pengganti yaaa,, kasihan di Didu,,makin kacau nich",lho said didu daftar ganti yaaa kasihan didumakin kacau nich,"likes: 0, retweets: 0"
2106338370700075218,Sat Oct 03 10:59:36 +0000 2026,alitohari653782,@sosmedkeras Rezim Prabowo bajingan tolol.. mafia Indonesia sesungguhnya.. perampok uang rakyat,rezim prabowo bajing tolol mafia indonesia sungguh rampok uang rakyat,"likes: 0, retweets: 0"
2106338113060852169,Sat Oct 03 10:58:34 +0000 2026,aisarangyou_,"Kok bisa indonesia dipimpin prabowo tuh beneran gak pernah ada kabar bagus.... Gak ada kebijakannya apapun yang bagus gitu, mbg keracunan, kopdes minus terus dikasih banyak anggaran 6-8 jutaan gilakkkkkkk stressssss",kok indonesia pimpin prabowo beneran kabar bagus bijak apa bagus gitu mbg racun kopdes minus kasih anggar 68 juta gilakkkkkkk stressssss,"likes: 0, retweets: 0"
2106337950984462395,Sat Oct 03 10:57:56 +0000 2026,YuddyMelly,@ade206 Terima kasih pak presiden @prabowo 🇲🇨🔥 https://t.co/F82HD0BwJ8,terima kasih presiden,"likes: 0, retweets: 0"
2106337936795144691,Sat Oct 03 10:57:52 +0000 2026,soni_akun_kedua,@Red__Seven Luar biasa terpasung @prabowo @gerindra,luar pasung,"likes: 0, retweets: 0"
2106337819061031155,Sat Oct 03 10:57:24 +0000 2026,emakpingitan,"@bagindo_kopi bukti kalo Prabowo ga bisa kerja. pembantunya banyak dia tinggal terima laporan. ""saya dapat laporan.....",bukti prabowo kerja bantu tinggal terima lapor lapor,"likes: 0, retweets: 0"
2106337803776954795,Sat Oct 03 10:57:20 +0000 2026,kelixmann,@6_arung ngelahirin kalo kawin saya gak tau umr berapa,ngelahirin kawin tau umr,"likes: 1, retweets: 0"
2106337745916633527,Sat Oct 03 10:57:07 +0000 2026,ferizandra,"Era SBY dan Jokowi, jumlah Ketua dan Anggota Wantimpres gak lebih dari 10 orang... kenapa sekarang jumlahnya membengkak jadi 26 orang...? 26 x 76,5 juta = Rp. 1.989.000.000 Lagipula apakah Prabowo termasuk orang yang bisa menerima pendapat orang lain...? 🤔",era sby jokowi ketua anggota wantimpres 10 orang bengkak 26 orang 26 x 765 juta rp 1989000000 lagipula prabowo orang terima dapat orang,"likes: 11, retweets: 3"
2106337712793882931,Sat Oct 03 10:56:59 +0000 2026,MrETCentre,"@rang_simabua Tambah Boros Yo Angku Wok @prabowo 🔥  APBN tu Pitih Rakyat tu, Ndak Kepeang Angku doh wok 🫵🔥",tambah boros yo angku wok apbn tu pitih rakyat tu ndak peang angku doh wok,"likes: 0, retweets: 0"
2106337679852061040,Sat Oct 03 10:56:51 +0000 2026,JendralKepitin9,@ch_chotimah2 @prabowo @bang_dasco Tanpa Gibran gak bakal jd presiden terpilih dia si Wowor itu,tanpa gibran presiden pilih wowor,"likes: 0, retweets: 0"
2106337574180560949,Sat Oct 03 10:56:26 +0000 2026,toocool711,@yaniarsim @prabowo @rockygerung,,"likes: 0, retweets: 0"
2106337559848829062,Sat Oct 03 10:56:22 +0000 2026,gayourbill,hah rocky gerung dilantik prabowo anjing hah,hah rocky gerung lantik prabowo anjing hah,"likes: 0, retweets: 0"
2106337555587432921,Sat Oct 03 10:56:21 +0000 2026,nikolausdhija,"@yaniarsim @prabowo So simple. Kalo Mao jadi watimpres Salah satu cara mudah CACI MAKI PRESIDEN, apalagi kalo CACIAN nya JUJUR😂 beda sama tk kayu. Dia DICACI,DIHINA..tetep aja KERJA YG MENCACI,sampe skrg kaga jadi apa apa😂 Cuma kena LIVER aja😂 Lebih tentara dari tentara 😂",so simple mao watimpres salah mudah caci maki presiden caci nya jujur beda tk kayu dicacidihinatetep aja kerja mencacisampe skrg kaga kena liver aja tentara tentara,"likes: 0, retweets: 1"
2106337546661961883,Sat Oct 03 10:56:19 +0000 2026,mokacinost,@earthkinery @jackinnocence @tagyourwho @GUGUSWOLU @itadakimaseh @prabowo Hi assalamualaikum,hi assalamualaikum,"likes: 0, retweets: 0"
2106337538281759206,Sat Oct 03 10:56:17 +0000 2026,abditoryours,@prabowo dah bulan OKTOBER nih tapi gajih guru sertifikasi dari bulan JULI blm cair juga,dah oktober gajih guru sertifikasi juli blm cair,"likes: 0, retweets: 0"
2106337518140702883,Sat Oct 03 10:56:12 +0000 2026,mephistoik,@livinfreey menggulingkan prabowo,guling prabowo,"likes: 0, retweets: 0"
2106337449249329287,Sat Oct 03 10:55:56 +0000 2026,appleepinee_,janggal nih toh si meme prabowo maker enih jg bkn dr himpunannya jdi wajar ae ga kenal wkwk,janggal meme prabowo maker enih jg bkn dr himpun wajar ae kenal wkwk,"likes: 0, retweets: 0"
2106337106331324538,Sat Oct 03 10:54:34 +0000 2026,ju76497,@yaniarsim @prabowo Badut politik,badut politik,"likes: 0, retweets: 0"
2106337040451371383,Sat Oct 03 10:54:18 +0000 2026,xLanglangBuana,"Fahri cuma pembacot. Dengan retorika yang sama dulu dia serang Pak Jokowi tanpa ampun. Sekali dia jilat Prabowo tanpa henti. Dia bilang tidak ada presiden yang berani. Tapi rakyat melihat, dukungan rakyat membuktikan, cinta rakyat adalah catatan sejarah, Pak Jokowi pemberani.",fahri bacot retorika serang jokowi ampun jilat prabowo henti bilang presiden berani rakyat dukung rakyat bukti cinta rakyat catat sejarah jokowi berani,"likes: 0, retweets: 0"
2106337022118089105,Sat Oct 03 10:54:14 +0000 2026,NHenryp29864,@RikeSants ORANG INI (  ANDI  SAWAN  ) YANG  DI MAKSUD  PRABOWO  SOK2  PINTER  TAPI  DUNGU/GOBLOK.  IJAZAH  SD..SMP.. SMA.. TIDAK PUNYA.  KOPONG GIBRAN.  MAU  DI JADIKAN PRESIDEN.,orang andi sawan maksud prabowo sok2 pinter dungugoblok ijazah sdsmp sma kopong gibran jadi presiden,"likes: 0, retweets: 0"
2106336919789703543,Sat Oct 03 10:53:50 +0000 2026,polisipusat,"Estafet kepemimpinan Polri resmi dilanjutkan!  Terima kasih atas dedikasi luar biasa Jenderal Polisi Listyo Sigit Prabowo dan Jenderal Polisi Dedi Prasetyo. Bersama Kapolri baru, Jenderal Polisi Suyudi Ario Seto, mari kita terus perkuat sinergi, soliditas, dan pelayanan terbaik https://t.co/rXHSweG0Gn",estafet pimpin polri resmi lanjut terima kasih dedikasi jenderal polisi listyo sigit prabowo jenderal polisi dedi prasetyo kapolri jenderal polisi suyudi ario seto mari kuat sinergi soliditas layan baik,"likes: 1, retweets: 0"
2106336907068313804,Sat Oct 03 10:53:47 +0000 2026,IHendri2,Komannya kok tak suka di doain Prabowo jadi presiden seumur hidup. Wkwkkwk,koman suka doain prabowo presiden umur hidup wkwkkwk,"likes: 0, retweets: 0"
2106336865695789217,Sat Oct 03 10:53:37 +0000 2026,putradaerah08,@alfafatansyah @liputan6dotcom @prabowo Benar,benar,"likes: 0, retweets: 0"
2106336848050352639,Sat Oct 03 10:53:33 +0000 2026,AkalSehatDisini,"@Djoe_Lid @suncomeinrain si roki bkl kerja bagus ga nnt di rezim Prabowo, who knows",si roki bkl kerja bagus nnt rezim prabowo who knows,"likes: 0, retweets: 0"
2106336780584923229,Sat Oct 03 10:53:16 +0000 2026,abala_tamm1117,@_zapahlevi Perform nya lah. Mosok video prabowo ngopi,perform nya mosok video prabowo ngopi,"likes: 0, retweets: 0"
2106336778022256966,Sat Oct 03 10:53:16 +0000 2026,kocakbangetu,"Tadi nemu substack yg judulnya ""Kau Abaikan Isi Pesanku Layaknya Prabowo Mengabaikan Suara Rakyatnya"" kek kok kepikiran bikin itu judul😭😭",tadi nemu substack judul kau abai isi pesan layak prabowo abai suara rakyat pikir bikin judul,"likes: 0, retweets: 0"
2106336730949226867,Sat Oct 03 10:53:05 +0000 2026,Puspen_TNI,"Panglima TNI Jenderal TNI Agus Subiyanto meninjau gladi bersih Upacara Peringatan HUT ke-81 TNI Tahun 2026 di Lapangan Prima Mabes TNI, Cilangkap, Jakarta Timur, Sabtu (3/10/2026). Peninjauan dilakukan untuk memastikan kesiapan personel dan materiil dalam pelaksanaan upacara. https://t.co/WEA3afR3x1",panglima tni jenderal tni agus subiyanto tinjau gladi bersih upacara ingat hut ke81 tni 2026 lapang prima mabes tni cilangkap jakarta timur sabtu 3102026 tinjau kesiap personel materiil laksana upacara,"likes: 7, retweets: 0"
2106336698301141318,Sat Oct 03 10:52:57 +0000 2026,rinjse,Presiden @prabowo  rangkul beragam pandangan lantik 26 Watimpres #PeranWatimpres https://t.co/CamzsUGz8T,presiden rangkul agam pandang lantik 26 watimpres peranwatimpres,"likes: 0, retweets: 0"
2106336673906975010,Sat Oct 03 10:52:51 +0000 2026,azharhusin7,@msaid_didu @prabowo Sabar,sabar,"likes: 0, retweets: 0"
2106336633587126551,Sat Oct 03 10:52:41 +0000 2026,urgracejoshua,Uang pajak kita kemana? @prabowo,uang pajak mana,"likes: 0, retweets: 0"
2106336612082704688,Sat Oct 03 10:52:36 +0000 2026,kartiko_yudo,"@indepenSumatera Mengamankan di 2029, pergerakan Jkwi mencurigakan. Prabowo takut di buat seperti PDIP  oleh jokowi",aman 2029 gera jkwi curiga prabowo takut pdip jokowi,"likes: 1, retweets: 0"
2106336563751948548,Sat Oct 03 10:52:25 +0000 2026,LindungiBumi_,"Pejabat sebanyak itu tapi PHK dimana-mana, pengangguran merajalela, harga kebutuhan pangan melonjak naik, keracunan MBG, kopdes ga jelas, masyarakat menengah dan miskin kehimpit tekanan ekonomi. Fix pemerintahan prabowo goblok. Orang sebanyak itu masalah satu pun ga ada yg kelar.",jabat phk dimanamana anggur rajalela harga butuh pangan lonjak racun mbg kopdes masyarakat tengah miskin kehimpit tekan ekonomi fix perintah prabowo goblok orang kelar,"likes: 0, retweets: 0"
2106336536593662012,Sat Oct 03 10:52:18 +0000 2026,Sammi86Pilang,"seberat-beratnya covid era, somehow prabowo era hits different. 👻 https://t.co/wntmXIeDup",seberatberatnya covid era somehow prabowo era hits different,"likes: 10, retweets: 2"
2106336398944911394,Sat Oct 03 10:51:46 +0000 2026,Boedak_Korporat,"@ch_chotimah2 @prabowo @bang_dasco sebut dong purnawirawannya SUNARKO gitu loh 🤣🤣🤣, santai aja Mas ANDI Gibran bakal turun 2029 santai aja masih 3 tahun lagi ngapain sih buru buru @Yattie2023 @TmPank 🤣🤣🤣",sebut purnawirawannya sunarko gitu loh santai aja mas andi gibran turun 2029 santai aja 3 ngapain sih buru buru,"likes: 2, retweets: 0"
2106336375272571202,Sat Oct 03 10:51:40 +0000 2026,akunbolabola,Prabowo buang ulama-ulama NU ini dah macem bunuh diri massal. There's no way NU bakalan jadi oposisi,prabowo buang ulamaulama nu dah macem bunuh massal theres no way nu oposisi,"likes: 1, retweets: 0"
2106336328745201994,Sat Oct 03 10:51:29 +0000 2026,re_vourin,@KCeshter Islam ala Prabowo,islam ala prabowo,"likes: 0, retweets: 0"
2106336326907986048,Sat Oct 03 10:51:28 +0000 2026,rinjse,Jurus Presiden @prabowo rangkul beragam pandangan dalam Watimpres #PeranWatimpres  https://t.co/OM7tfFADv3,jurus presiden rangkul agam pandang watimpres peranwatimpres,"likes: 0, retweets: 0"
2106336277176144112,Sat Oct 03 10:51:16 +0000 2026,pgymyowl,@hattoeri Biasalah prabowo.,biasa prabowo,"likes: 0, retweets: 0"
2106336256028524918,Sat Oct 03 10:51:11 +0000 2026,irfanburningowl,"@worksakun @prabowo does a hatred need an action? no is hatespeech an action? yes lihat perbedaannya. yang kamu lakukan kepada miw itu udah berlipat2 usahanya, berlipat2 actionnya. nyimpenin segala hal tentang dia HANYA demi ngehate. this naught effort brings you more bad than good.cb dipikir lg",does a hatred need an action no is hatespeech an action yes lihat beda laku miw udah berlipat2 usaha berlipat2 actionnya nyimpenin ngehate this naught effort brings you more bad than goodcb pikir lg,"likes: 0, retweets: 0"
2106336167071453229,Sat Oct 03 10:50:50 +0000 2026,anovaway,@agussediono82 @NephilaXmus @aniesbaswedan Justru Prabowo itu bukan pendendam. Yang pernah berhadapan ama dia aja banyak yang dirangkul. Budiman Sudjatmiko misalnya. Gak tau kalo dah berubah gegara 11/100 yaak.,justru prabowo dendam hadap ama aja rangkul budiman sudjatmiko tau dah ubah gegara 11100 yaak,"likes: 0, retweets: 0"
2106336155167838640,Sat Oct 03 10:50:47 +0000 2026,cheolrin,goblok prabowo gobloookkk banget anjing emang mau memiskinkan rakyat,goblok prabowo gobloookkk banget anjing emang miskin rakyat,"likes: 0, retweets: 0"
2106336151749722124,Sat Oct 03 10:50:47 +0000 2026,bearyfouw,era sby sm jokowi digabung jg masi ttp banyakan prabowo wkwk gemblung,era sby jokowi gabung jg mas ttp banyak prabowo wkwk gemblung,"likes: 0, retweets: 0"
2106336148146848180,Sat Oct 03 10:50:46 +0000 2026,anam834743739,Rocky Gerung itu gurunya AHY yang sengaja diselundupkan ke dalam Istana untuk melemahkan dan menusuk dari belakang @prabowo . Ingat film Odyssey ?,rocky gerung guru ahy sengaja selundup istana lemah tusuk film odyssey,"likes: 0, retweets: 0"
2106336028801777860,Sat Oct 03 10:50:17 +0000 2026,tyachandesu,yah jd penjilat bool prabowo kah,yah jilat bool prabowo kah,"likes: 0, retweets: 0"
2106336000771604499,Sat Oct 03 10:50:11 +0000 2026,twilightslig,Proyek TNJA NASIONAL YG DI BIAYAI PAJAK RAKYAT memang sumber ajang KKN parpol birokrat pejabat @prabowo @Gerindra TOLOL DIPIARA DAN DI AWETKAN https://t.co/rrX9fS8pIS,proyek tnja nasional biaya pajak rakyat sumber ajang kkn parpol birokrat jabat tolol piara awet,"likes: 0, retweets: 0"
2106335988532601287,Sat Oct 03 10:50:08 +0000 2026,hasanudinsajid,"@BANGSAygSUJUD @prabowo Sekarang TIM Pemerintah sdh sangat lengkap, mewah, menjanjikan Perbaikan dan Kemakmuran Rakyat. Harus Buktikan spt semangat  TIMNAS Bola. Kalo tdk berhasil, jangan nunggu Rakyat Berteriak2, sebab ydk mungkin, langsung saja Putuskan Pemilu dipercepat, ya Kan ?",sekarang tim perintah lengkap mewah janji baik makmur rakyat bukti spt semangat timnas bola tdk hasil nunggu rakyat berteriak2 ydk langsung putus milu cepat,"likes: 0, retweets: 0"
2106335884828451187,Sat Oct 03 10:49:43 +0000 2026,WakWak026523822,"@d3de_ne Udah bang, ngomong kayak dia itu kayak ngomong sama prabowo. Tahu kan kelakuannya kayak gimana?🤣",udah bang ngomong kayak kayak ngomong prabowo laku kayak gimana,"likes: 0, retweets: 0"
2106335858811187638,Sat Oct 03 10:49:37 +0000 2026,perju_angan,@syahganda Menhan maksudnya @prabowo ?,menhan maksud,"likes: 0, retweets: 0"
2106335831187468493,Sat Oct 03 10:49:30 +0000 2026,NHenryp29864,"@MARQUEZ__93 @officialMKRI BEGINI  YANG  DI MAKSUD  PRABOWO.  SOK  PINTER  TAPI  DUNGU / GOBLOK.  TUKANG CEBOK2 PANTAT JOKOWI,  HAMPIR SEMUA NYA  DUNGU.   IJAZAH  SD..SMP..SMA.. GIBRAN  TIDAK  PUNYA.  MASA,  ORANG  GOBLOK  MAU  JADI  PRESIDEN.",begini maksud prabowo sok pinter dungu goblok tukang cebok2 pantat jokowi nya dungu ijazah sdsmpsma gibran orang goblok presiden,"likes: 1, retweets: 0"
2106335725709058429,Sat Oct 03 10:49:05 +0000 2026,y0urpov,dinotice idol bukan kewajiban yang wajib mah ngatain prabowo,dinotice idol wajib wajib mah ngatain prabowo,"likes: 0, retweets: 0"
2106335676329521585,Sat Oct 03 10:48:53 +0000 2026,Fariednur,@jjhwonu Kalo presidennya prabowo terus siap-siap aja hari-hari kena jerebu,kalau presiden prabowo siapsiap aja harihari kena jerebu,"likes: 0, retweets: 0"
2106335566614937777,Sat Oct 03 10:48:27 +0000 2026,DermagaGarely,@regar_op0sisi @prabowo Tiga nama baru dan aneh anggota Watimpres.. - Paman Usman - M. Qodari - Rocky G sekolam bersama sama,tiga nama aneh anggota watimpres paman usman m qodari rocky g kolam,"likes: 0, retweets: 0"
2106335557936935217,Sat Oct 03 10:48:25 +0000 2026,zanditk,Emang pantes Indonesia dapet Prabowo jadi presiden. Rot in deepest hell deh A dan pendukungnya. Good luck.,emang pantes indonesia dapet prabowo presiden rot in deepest hell deh a dukung good luck,"likes: 1, retweets: 0"
2106335398263972233,Sat Oct 03 10:47:47 +0000 2026,FairuzMo,"@A_setiawan96 @Aliff858070 @mashalievre @MALAYSIAPROBLM @tni_ad @prabowo Ini best effort? Kamon pak aku bukan fans menyu or org indog. Kau benci siapa ni sebenarnya, melayu? islam? monarki? malaysia? Bersepah betul kau tikam semua tak kena. Sekurang2nya rakyat malaysia anti foreigner bukan mcm indon bagi sama rata dgn rakyat itu paling hina pak.",ini best effort kamon fans menyu or orang indog kau benci ni melayu islam monarki malaysia sepah kau tikam kena sekurang2nya rakyat malaysia anti foreigner mcm indon rakyat hina,"likes: 0, retweets: 0"
2106335352487375269,Sat Oct 03 10:47:36 +0000 2026,HalomoanHa91790,"Jadi menurut kalian RG dan SN itu antek Prabowo atau antek Jokowi, atau antek Jokowi yg diselundupkan Prabowo? 🤔🤔",jadi rg sn antek prabowo antek jokowi antek jokowi selundup prabowo,"likes: 0, retweets: 0"
2106335074065232355,Sat Oct 03 10:46:30 +0000 2026,asep_esr,@sjafriesjams @prabowo Siap,siap,"likes: 0, retweets: 0"
2106334999662436416,Sat Oct 03 10:46:12 +0000 2026,iminginary,prabowo kontol,prabowo kontol,"likes: 0, retweets: 0"
2106334876521894131,Sat Oct 03 10:45:43 +0000 2026,tribunnews,"Presiden Prabowo Subianto telah tujuh kali melakukan reshuffle (perombakan) kabinet pemerintahannya sejak memimpin mulai Oktober 2024. Perombakan terbaru dilakukan pada Jumat (2/10/2026), dengan sejumlah posisi strategis mengalami pergantian, termasuk menteri koordinator, https://t.co/mzLKZNrDlt",presiden prabowo subianto tujuh kali reshuffle ombak kabinet perintah pimpin oktober 2024 ombak baru jumat 2102026 posisi strategis alami ganti menteri koordinator,"likes: 2, retweets: 0"
2106334826890670245,Sat Oct 03 10:45:31 +0000 2026,sniperruben45,@giIangmahesa @jokowi @prabowo Semua musuh dikumpulin di sagu kamar biar gampang dikarungin?? hahaha,semua musuh dikumpulin sagu kamar biar gampang dikarungin hahaha,"likes: 0, retweets: 0"
2106334770959729058,Sat Oct 03 10:45:17 +0000 2026,SitiRom05533469,@bagindo_kopi Prabowo @prabowo butuh utusan presiden krn keterbatasan gerak dan badan yang sudah renta,prabowo butuh utus presiden batas gerak badan renta,"likes: 0, retweets: 0"
2106334754270523530,Sat Oct 03 10:45:13 +0000 2026,chrisredgraave,@okamotokeyju yg kyk gini presiden nya prabowo g deserve bgt,yang kyk gin presiden nya prabowo g deserve banget,"likes: 0, retweets: 0"
2106334679435718861,Sat Oct 03 10:44:56 +0000 2026,sujimprod,"Kerjanya tetap nihil, prabowo meninggal aja dan para pejabatnya itu",kerja nihil prabowo tinggal aja jabat,"likes: 0, retweets: 0"
2106334623798378871,Sat Oct 03 10:44:42 +0000 2026,vianzlaa,"@lovefooltc turunin prabowo dulu, biar semua turun harga ☝",turunin prabowo biar turun harga,"likes: 1, retweets: 0"
2106334621860536381,Sat Oct 03 10:44:42 +0000 2026,darbento88,@99propaganda Prabowo cerdas buat bungkam orang 2 sakit hati cukup di kasih kue,prabowo cerdas bungkam orang 2 sakit hati kasih kue,"likes: 0, retweets: 0"
2106334511063822540,Sat Oct 03 10:44:15 +0000 2026,insesecure,@coldpamer @prabowo NJS,njs,"likes: 0, retweets: 0"
2106334420651405345,Sat Oct 03 10:43:54 +0000 2026,sniperruben45,@giIangmahesa @jokowi @prabowo Waduhh apa harus stok pangan nih kuatir gak terkendalai kondisi perang politik??,waduhh stok pangan kuatir kendala kondisi perang politik,"likes: 0, retweets: 0"
2106334349415321847,Sat Oct 03 10:43:37 +0000 2026,coldpamer,@insesecure pak @prabowo,pak,"likes: 0, retweets: 0"
2106334344222740510,Sat Oct 03 10:43:36 +0000 2026,beeyince,"@ukailxp @PemudaBujang12 @InWahyudi581 ya yang kayak gini mah apply ke semua hal lah. yang dukung prabowo di indonesia 50/50, orang islam yang dukung ukraina 50/50, orang jawa yang ga rasis 50/50, orang pinter yang tone deaf 50/50. namanya oknum mah pasti ada. emang lu mau semua islam dilabelin teroris karena 911?",ya kayak gin mah apply dukung prabowo indonesia 5050 orang islam dukung ukraina 5050 orang jawa ras 5050 orang pinter tone deaf 5050 nama oknum mah emang islam dilabelin teroris 911,"likes: 0, retweets: 0"
2106334281387962825,Sat Oct 03 10:43:21 +0000 2026,FairuzMo,@Aliff858070 @A_setiawan96 @mashalievre @MALAYSIAPROBLM @tni_ad @prabowo Wakakakaka,wakakakaka,"likes: 0, retweets: 0"
2106334175871865082,Sat Oct 03 10:42:55 +0000 2026,MiskinTV_,"TNI dan T(a)NI emang cuma beda satu huruf doank. Di era Pemerintahan Prabowo, TNI dituntut menjadi salah satu garda terdepan dalam 'Ketahanan Pangan'. Tak heran Pak Prabowo menempatkan seorang Jenderal TNI untuk menjadi Wamen Kementerian Pertanian. Selamat Bertugas Pak 🙏 https://t.co/mHYGcPzhht",tni tani emang beda huruf doank era perintah prabowo tni tuntut salah garda depan tahan pangan heran prabowo tempat jenderal tni wamen menteri tani selamat tugas,"likes: 0, retweets: 0"
2106334148281671834,Sat Oct 03 10:42:49 +0000 2026,FairuzMo,@Aliff858070 @A_setiawan96 @mashalievre @MALAYSIAPROBLM @tni_ad @prabowo Mau kerja di negara sendiri dong ga usah datang naik tongkang,mau kerja negara tongkang,"likes: 0, retweets: 0"
2106334098461462776,Sat Oct 03 10:42:37 +0000 2026,y0urpov,@jencasie yang wajib mah  ngatain prabowo,yang wajib mah ngatain prabowo,"likes: 0, retweets: 0"
2106334018312839423,Sat Oct 03 10:42:18 +0000 2026,steven_riady,"@dariguruhonorer kata prabowo ""KITA BUTUH UANGG....""",kata prabowo butuh uangg,"likes: 0, retweets: 0"
2106333858509836735,Sat Oct 03 10:41:40 +0000 2026,iameditedsoul,Oh begitu ternyata https://t.co/eFjioRA5e9,oh,"likes: 0, retweets: 0"
2106333794018140606,Sat Oct 03 10:41:24 +0000 2026,hendriprabowo,@Aerio_Id @dimas_drg Kebule metu akeh banget.,bule metu akeh banget,"likes: 1, retweets: 0"
2106333679194947959,Sat Oct 03 10:40:57 +0000 2026,eiraussell,ni orang duplikat prabowo bgt,ni orang duplikat prabowo banget,"likes: 0, retweets: 0"
2106333623293182020,Sat Oct 03 10:40:44 +0000 2026,Valar_morghuli5,@akbarfaizal68 @kangdede78 @prabowo Taman biawak dong 🤣,taman biawak,"likes: 0, retweets: 0"
2106333572101742729,Sat Oct 03 10:40:32 +0000 2026,sibambaang,"PRABOWO tahu gak ya kalau ada chatgpt dan claude pro. Lebih murah ketimbang rekrut puluhan penasihat gaji 75jt perbulan. Eh, tapi beliau rekrut mereka tuh karena beneran butuh nasihat atau cuma mau mengurangi oposisi?",prabowo chatgpt claude pro murah ketimbang rekrut puluh nasihat gaji 75jt bulan eh beliau rekrut beneran butuh nasihat kurang oposisi,"likes: 8, retweets: 1"
2106333522080518200,Sat Oct 03 10:40:20 +0000 2026,pehusna,@grok @IrawanRommi @prabowo @Ndons_Back @BANGSAygSUJUD @are_inismyname @florieliciouss @Kimberley_PS08 Emang waktu penyampaian visi misi anies-muhaimin ada rencana rencana membuat wantipres hingga 300 orang?  @grok,emang sampai visi misi aniesmuhaimin rencana rencana wantipres 300 orang,"likes: 0, retweets: 0"
2106333467613307041,Sat Oct 03 10:40:07 +0000 2026,ArjunaInteristi,@bagindo_kopi Rusak memang negara ini ditangan @prabowo,rusak negara tang,"likes: 0, retweets: 0"
2106333458020835683,Sat Oct 03 10:40:04 +0000 2026,iamfromvenuus,"@z_icequeen @genzcorporation lah kok kasian. dari dulu rocky itu emang peliharaannya prabowo ko, makanya dia benci dan keras banget ke jokowi karna prabowo 2 kali pemilu diayam²in jokowi. kebanyakan kritiknya juga lebih cenderung ke arah personal",lah kasi rocky emang pelihara prabowo ko benci keras banget jokowi karna prabowo 2 kali milu diayamin jokowi banyak kritik cenderung arah personal,"likes: 0, retweets: 0"
2106333372603887982,Sat Oct 03 10:39:44 +0000 2026,azworlddd,"@aracisoyo Now, mine is about time. Udah di ujung tanduk. But I'm okay, I'm strong enough to face this mess. I don't blame the circumstances but Prabowo. Hahaha sorry, but it's the truth!",now mine is about time udah ujung tanduk but im okay im strong enough to face this mess i dont blame the circumstances but prabowo hahaha sorry but its the truth,"likes: 0, retweets: 0"
2106333358611628276,Sat Oct 03 10:39:41 +0000 2026,kopitiamtea,"- bilang pki sama jahatnya dengan orba - ngebelain influencer problematik - ngedefend tempat publik yang gak ramah disabilitas - marah2 ke ke orang2 yg gak bisa nntn bola gegara ikut memperingati tragedi kanjuruhan I guess the problem its not just prabowo, but the whole indonesia",bilang pki jahat orba ngebelain influencer problematik ngedefend publik ramah disabilitas marah2 orang2 nntn bola gegara ingat tragedi kanjuruhan i guess the problem its not just prabowo but the whole indonesia,"likes: 0, retweets: 0"
2106333314634133998,Sat Oct 03 10:39:30 +0000 2026,ch_chotimah2,"Saya setuju.😊 @prabowo @bang_dasco Purnawirawan Jenderal: Jika MK Kabulkan Gugatan Gibran, Saat Itulah Prabowo Jadi 'The Real President' https://t.co/vFk6tElp72",saya tuju purnawirawan jenderal mk kabul gugat gibran prabowo the real president,"likes: 29, retweets: 14"
2106333126628876760,Sat Oct 03 10:38:45 +0000 2026,yaudhalaya,"ya kita lihat dulu aja seberapa pengaruhnya wantimpres dengan 26 ORANG ini (hampir 3× dari kabinet sebelumnya). klo ujung""nya masih banyak keputusan presiden yang amburadul ya berarti gada gunanya wantimpres sebanyak itu. cuma upaya pembisuan gonggongan oposisi ala prabowo",ya lihat aja pengaruh wantimpres 26 orang 3 kabinet ujung putus presiden amburadul gada guna wantimpres upaya bisu gonggong oposisi ala prabowo,"likes: 0, retweets: 0"
2106333012795469896,Sat Oct 03 10:38:18 +0000 2026,soni_akun_kedua,@MurtadhaOne1 Kapan @KejaksaanRI @KPK_RI @DPR_RI @prabowo ..hukum mati koruptor?,kapan hukum mati koruptor,"likes: 0, retweets: 0"
2106332974371471846,Sat Oct 03 10:38:09 +0000 2026,sushandaily,"Itu Pejabat sama Anggota DPR pernah ngalamin Gaji atau Tunjangan telat dibayar nggak sih, kek Guru"" PPPK Paruh dan Penuh Waktu didaerahku ? Cuma nanya aja ini lho, cuma nanya. . . Jawab napa si Pak @prabowo",itu jabat anggota dpr ngalamin gaji tunjang telat bayar sih guru pppk paruh penuh daerah nanya aja lho nanya napa,"likes: 0, retweets: 0"
2106332939596476816,Sat Oct 03 10:38:01 +0000 2026,hendriprabowo,@SmwGwOto Terrano ini bekas dipakai di perkebunan di Lampung. Kaca baret akibat wiper klo dipakai jalan malam hari rasanya mau nangis. Saya coba ke Bambang Kaca Jogja hasilnya balik bening &amp; lumayan rapi. Seingatku dulu habis 350rb. https://t.co/zc6REiaDVf,terrano bekas pakai kebun lampung kaca baret akibat wiper pakai jalan malam nang coba bambang kaca jogja hasil bening lumayan rapi ingat habis 350rb,"likes: 0, retweets: 0"
2106332858407178628,Sat Oct 03 10:37:41 +0000 2026,uhaaved,gausa terlalu ngotot kerja lah ntar juga indo bubar grgr prabowo (gw kerja di hari SABTU sampe jam 5 sore),gausa ngotot kerja ntar indo bubar grgr prabowo kerja sabtu sampe jam 5 sore,"likes: 0, retweets: 0"
2106332857920786755,Sat Oct 03 10:37:41 +0000 2026,zarafcksadela,yang tenang disana mbah leginah😭💔 kenapa semua orang meninggal kecuali prabowo https://t.co/s5pfGzS8sz,yang tenang sana mbah leginah orang tinggal kecuali prabowo,"likes: 0, retweets: 0"
2106332847082778846,Sat Oct 03 10:37:39 +0000 2026,GatotSupri76747,@LambeSahamjja harap maklum utk dipahami rakyat. ada dua kabinet satu kabinet Jokowi. satu kabinet Prabowo. maklum power Prabowo separo nyawa kuasanya presidenya.,harap maklum paham rakyat kabinet kabinet jokowi kabinet prabowo maklum power prabowo paro nyawa kuasa presidenya,"likes: 0, retweets: 0"
2106332788693856579,Sat Oct 03 10:37:25 +0000 2026,papien69,"@genzcorporation Musuh dijadikan sekutu, pintar sekali kau @prabowo , dan sekarang para sekutu sedang asik menjilat karena aji mumpung dikasih jabatan, kekuasaan dan keuangan yang terjamin.. pukimaiii kalian, semoga azab buruk segera menyertai kalian!",musuh jadi sekutu pintar kau sekutu asik jilat aji mumpung kasih jabat kuasa uang jamin pukimaiii moga azab buruk serta,"likes: 1, retweets: 0"
2106332710373597578,Sat Oct 03 10:37:06 +0000 2026,Labiebjeh,@PreciosaKanti @prabowo efisiensi modelan apa!,efisiensi model,"likes: 0, retweets: 0"
2106332666333446255,Sat Oct 03 10:36:56 +0000 2026,pem3rintah,@NephilaXmus Tamat gimana.... kaki tangan nya masih ada di rezim prabowo...,tamat gimana kaki tangan nya rezim prabowo,"likes: 0, retweets: 0"
2106332518018630031,Sat Oct 03 10:36:20 +0000 2026,fevbeey,"@RMCFLevans Kalah banteran, malah merembet yang gak semestinya. Tapi biarin aja mereka menghina rezim Prabowo, biar mereka saling ribut satu sama lain dengan bazzer rezim 🤣😂",kalah banter rembet mesti biarin aja hina rezim prabowo biar ribut bazzer rezim,"likes: 0, retweets: 0"
2106332514960961862,Sat Oct 03 10:36:19 +0000 2026,tannies18_,"udah sebanyak itu pun tetap ga beres, emang prabowo dan pemerintah kontol semua",udah beres emang prabowo perintah kontol,"likes: 0, retweets: 0"
2106332466088964156,Sat Oct 03 10:36:08 +0000 2026,kelixmann,Ya tapi harus bisa nyetir dulu kan... Percuma semua syarat terpenuhi kalo gak bisa nyetir 😬,ya nyetir syarat penuh nyetir,"likes: 5, retweets: 0"
2106332425051947261,Sat Oct 03 10:35:58 +0000 2026,otisram,"@SimbokeSarah Jangan bandingin Indonesia dgn Jepang, Mbok. Ga sebanding. Rakyat Indonesia aja 58% masih milih prabowo jd presiden kok. Di Jepang, pejabat dituduh/disangka korupsi atau melanggar etika aja pilih melakukan seppuku krn malu kok. Lha di Indonesia koruptor aja petentang petenteng.",jangan bandingin indonesia jepang mbok banding rakyat indonesia aja 58 milih prabowo presiden jepang jabat dituduhdisangka korupsi langgar etika aja pilih seppuku malu lha indonesia koruptor aja tentang petenteng,"likes: 0, retweets: 0"
2106332362401624450,Sat Oct 03 10:35:43 +0000 2026,dedifir30803641,@LeoopoldWeiss @madnasan Sebenernya baik boleh beliausuda lama berkecimpung jadi abdi negara. Pernah berusaha berpartai 2x tapi gagal dan sangat tidak pantas menolak ajakan membangun negeri dari Prabowo. Cuman masalahnya prabowo jaadi Presiden bukan  karena sosialis tapi jogetan gemoy sama Gibran,sebenernya beliausuda kecimpung abdi negara usaha partai 2x gagal tolak aja bangun negeri prabowo cuman prabowo jaadi presiden sosialis joget gemoy gibran,"likes: 0, retweets: 0"
2106332311482757271,Sat Oct 03 10:35:31 +0000 2026,JohnnyBidong,@yaniarsim @prabowo RG sudah sekandang sama paman usman dan m. qodari.....parah terwo,rg kandang paman usman m qodariparah terwo,"likes: 0, retweets: 0"
2106332273180311695,Sat Oct 03 10:35:22 +0000 2026,Ockysaputraa,KEPAKARAN PRABOWO KEBAKARAN https://t.co/vl6e6KoCRK via @YouTube,pakar prabowo bakar via,"likes: 0, retweets: 0"
2106332262690062518,Sat Oct 03 10:35:19 +0000 2026,guniltsel_,PRABOWO KONTOL,prabowo kontol,"likes: 0, retweets: 0"
2106332096520495561,Sat Oct 03 10:34:40 +0000 2026,embeem,Membaca strategi Presiden @prabowo Lantik beragam pandangan jadi Watimpres #PeranWatimpres  https://t.co/IsXccnglYB,baca strategi presiden lantik agam pandang watimpres peranwatimpres,"likes: 0, retweets: 0"
2106332068678697219,Sat Oct 03 10:34:33 +0000 2026,fftyfivecancri,Ngapain ajg presiden lu noh prabowo,ngapain ajg presiden noh prabowo,"likes: 0, retweets: 0"
2106331947123491173,Sat Oct 03 10:34:04 +0000 2026,kelixmann,36 - 16 = 20,36 16 20,"likes: 0, retweets: 0"
2106331884661752096,Sat Oct 03 10:33:49 +0000 2026,twilightslig,Mau 100x ganti KAPOLRI pastinya @Gerindra @DPR_RI @prabowo @INFOBNN dan jajaran PARCOK hanya tajam ke rakyat - memang PARPOL INI SUMBER BEGAL MALING DAN AKAR SDM RENDAH INDONESIA https://t.co/2jE6ywIaJv,mau 100x ganti kapolri pasti jajar parcok tajam rakyat parpol sumber begal maling akar sdm rendah indonesia,"likes: 0, retweets: 0"
2106331805880377497,Sat Oct 03 10:33:30 +0000 2026,syueb2011,"@DedynurPalakka Sama seperti elite @psi_id yang mencemooh @prabowo dengan penghargaan ""Kebohongan Award""  @grace_nat @RajaJuliAntoni @Giring_Ganesha https://t.co/dVxIzeGhNm",sama elite cemooh harga bohong award,"likes: 0, retweets: 0"
2106331800088011240,Sat Oct 03 10:33:29 +0000 2026,alfeeii,"@admkuznetsov45 Btw daripada jauh2 nyontoh zionis. Lu contoh aja prabowo dan jokowi, playbooknya sama kaya zionis. Dan mereka juga berhasil menyatukan org2 demi ambisi pribadi mereka.",btw jauh2 nyontoh zionis contoh aja prabowo jokowi playbooknya kaya zionis hasil satu org2 ambisi pribadi,"likes: 1, retweets: 0"
2106331796254396714,Sat Oct 03 10:33:28 +0000 2026,piooo27,@frogaskswhy jgn gtuu prabowo lo presiden terbaik sepanjang masa . . bismillah komisaris bumn 🤲🏻,jangan gtuu prabowo presiden baik bismillah komisaris bumn,"likes: 0, retweets: 0"
2106331783637946370,Sat Oct 03 10:33:25 +0000 2026,Labiebjeh,"@sibambaang @prabowo efisien modelan apa?!!! @rockygerung yuk, mengeong bareng!",efisien model yuk keong bareng,"likes: 0, retweets: 0"
2106331744505115018,Sat Oct 03 10:33:16 +0000 2026,kelixmann,"Kalau ada yang hampir bangkrut bisa hidup lagi karena ada Asian Games 2018, tebak berapa yang jadi bangkrut karena Piala Dunia U20 batal dilaksanakan di indonesia?",kalau bangkrut hidup asi games 2018 tebak bangkrut piala dunia u20 batal laksana indonesia,"likes: 4, retweets: 2"
2106331649508307134,Sat Oct 03 10:32:53 +0000 2026,Bonarto_kim,"@Tasawuf_Klasik @RagilSemar Tenang aja gong,,trima aja...Setelah itu minta baptis ikut ajaran """" Islam ala Prabowo """" aja...pasti aman...beda tipis kok akherat asli sama akherat nya prabowo...Akherat asli 100% akherat prabowo 98%... Menteri agama kan uda ikut ajaran itu....😉",tenang aja gongtrima ajasetelah baptis ajar islam ala prabowo ajapasti amanbeda tipis akherat asli akherat nya prabowoakherat asli 100 akherat prabowo 98 menteri agama uda ajar,"likes: 1, retweets: 0"
2106331421946356168,Sat Oct 03 10:31:59 +0000 2026,Per98943129Rudi,@BANGSAygSUJUD @prabowo Tapi yang lolosin anggaran motor listrik saat bgn jaman Dadan sekarang jadi wamenkeu. Kurang bangsat apalagi 😡🇲🇨,tapi lolosin anggar motor listrik bgn jaman dad wamenkeu bangsat,"likes: 1, retweets: 0"
2106331259052097722,Sat Oct 03 10:31:20 +0000 2026,zainrasyid95,@hasyimmah Pak prabowo sdh tau kelicikan jokowi makanya dia sdh antisipasi skrg pak prabowo tentu tdk akan terang terangan menjauhi jokowi,pak prabowo tau kelici jokowi antisipasi skrg prabowo tdk terang terang jauh jokowi,"likes: 0, retweets: 0"
2106331229343842326,Sat Oct 03 10:31:13 +0000 2026,worksakun,@irfanburningowl @prabowo lah berarti kalau gw ngatain prabowo atas kelakuannya apakah itu hatespeech juga?,lah ngatain prabowo laku hatespeech,"likes: 0, retweets: 0"
2106331200910774521,Sat Oct 03 10:31:06 +0000 2026,kelixmann,@anajoestarr Masih,masih,"likes: 1, retweets: 0"
2106331164634177748,Sat Oct 03 10:30:58 +0000 2026,FLJack_,@bagindo_kopi Se-insecure itukah @prabowo?,seinsecure,"likes: 0, retweets: 0"
2106331095684051022,Sat Oct 03 10:30:41 +0000 2026,Pokemun98,Islam ala prabowo,islam ala prabowo,"likes: 0, retweets: 0"
2106331067128959396,Sat Oct 03 10:30:34 +0000 2026,Kelik_Es,@TheCurut007 @BANGSAygSUJUD @prabowo Sama saja malak diri sendiri 🤣,sama malak,"likes: 0, retweets: 0"
2106331016730431619,Sat Oct 03 10:30:22 +0000 2026,kelixmann,Siap salah aja sih karena mau gimana juga udah gamungkin bener 🙏,siap salah aja sih gimana udah gamungkin bener,"likes: 5, retweets: 0"
2106330927823802834,Sat Oct 03 10:30:01 +0000 2026,twilightslig,Menteri  PARPOLPrabowo memang SDM RENDAH semua @prabowo nyaris tidak ada lagi teknokrat yang BERANI MOKONDO ditunjuk masuk jadi Mentri kabinet ; memang performa leadership sekarang bersandar pada koptasi dan loyalitas parpol RONGSOKAN https://t.co/5GUwD6Y1jz,menteri parpolprabowo sdm rendah teknokrat berani mokondo masuk tri kabinet performa leadership sandar koptasi loyalitas parpol rongsok,"likes: 0, retweets: 0"
2106330923197219103,Sat Oct 03 10:30:00 +0000 2026,ekky1995,"WNI menganjing kat Prabowo : ”👍🏻👍🏻” British menganjing kat Raja/Ratu : ”👍🏻👍🏻” Malaysian, ketika ada yang menganjing kat Agong diorang : ”🤬🤬”",wni anjing kat prabowo british anjing kat rajaratu malaysian anjing kat agong orang,"likes: 23, retweets: 1"
2106330894919475601,Sat Oct 03 10:29:53 +0000 2026,akudansibd93535,"@sibambaang makin banyak yang ngomong makin GAK JELAS akwawakwakwak udah benar jual pisang aja sampai nunggu negeri ini BUBAR, Prabowo Subianto 2030 didukung Gen Zialan dan 02 si 58%",makin ngomong akwawakwakwak udah jual pisang aja nunggu negeri bubar prabowo subianto 2030 dukung gen zialan 02 58,"likes: 0, retweets: 0"
2106330892201558245,Sat Oct 03 10:29:53 +0000 2026,keontyc,Demi Allah ternyata tinggal 2 bulan lagi abis itu tahun baru dan aku tahun ini nggak merasa ngapa-ngapain tapi lumayan lah kayak mayat hidup di 2026 ini emanh anjing lu  @prabowo,demi allah tinggal 2 abis ngapangapain lumayan kayak mayat hidup 2026 emanh anjing,"likes: 0, retweets: 0"
2106330876464541858,Sat Oct 03 10:29:49 +0000 2026,adajuga100,“Semua akan jadi penjilat pada waktunya” https://t.co/FVOi0Jwbsm  Madu 100% Murni https://t.co/HzzLizAooV  #rockygerung #prabowo #gibran #mbg #kopdes https://t.co/f99bSNULff,semua jilat madu 100 murni rockygerung prabowo gibran mbg kopdes,"likes: 0, retweets: 0"
2106330780792484015,Sat Oct 03 10:29:26 +0000 2026,nagara2409,@agus_4x @ebonXboy @Annas_Cim @killingmaster99 @katrinrienks @VerenaSusilowa1 @bonapasogit24 @Dinoxxx721 @oconXBoyy @tokaidirecycle @RSjahfidi @Bara_Rc @RickyKardjono @HumorJonTampan @EviDrajat @Wan77575 @widarto63285827 @preman69691 @Jediimar @krucilan @Rahmah0845 @KING_RAJA_PWS_ @SopanEdan @OmpungGuru @hardye76 @NgkongRoses @Opposite6888 @VIRGO1409271346 @BANGSAygSUJUD @gtobing2903 @Sammi86Pilang @King_PWS_ @Blues_321lagi @ariokdr @Zurigh107 ini berita ter-update dan ter-panas muL  jokowi kejang-kejang anaknya diobok-obok senegara gaada yang perduli😂😂😂😂😂😂😂https://t.co/31EfyTszyR,ini berita terupdate panas mul jokowi kejangkejang anak diobokobok negara gaada duli,"likes: 3, retweets: 1"
2106330770394816621,Sat Oct 03 10:29:24 +0000 2026,wonggenden9,"Jadi kita kira selain puluhan mentri @prabowo , rakyat harus patungan brp lagi nih, tuk gaji mereka? https://t.co/5mWGBD1TKg",jadi puluh tri rakyat patungan brp tuk gaji,"likes: 0, retweets: 0"
2106330712576323791,Sat Oct 03 10:29:10 +0000 2026,AchmadFalah6,Ada rumusan baru buat masuk ke jajaran istana... Bilang Prabowo Bangsat.. bajingan tolol... Jd deh masuk istana.. mkn juga Krn punya frekuensi yg sama... Dgn ada nya kata Profesor goblok. https://t.co/h0O2TheUPP,ada rumus masuk jajar istana bilang prabowo bangsat bajing tolol deh masuk istana mkn frekuensi nya profesor goblok,"likes: 0, retweets: 0"
2106330670402527316,Sat Oct 03 10:29:00 +0000 2026,Labiebjeh,@KangManto123 @rockygerung mengong bareng Prabowo Subianto!,ong bareng prabowo subianto,"likes: 0, retweets: 0"
2106330555407323212,Sat Oct 03 10:28:32 +0000 2026,exiledtale,temennya aja yakup hasibuan 🤣✌️ lawyer prabowo gibran waktu di MK tuh dan 02 voters juga,temennya aja yakup hasibuan lawyer prabowo gibran mk 02 voters,"likes: 0, retweets: 0"
2106330543348764987,Sat Oct 03 10:28:29 +0000 2026,kalkwulator,Keberagaman latar belakang anggota Wantimpres menunjukkan komitmen persatuan nasional di bawah kepemimpinan Prabowo. Setuju? #PeranWantimpres https://t.co/jF5E0oqv3H,agam latar anggota wantimpres komitmen satu nasional pimpin prabowo tuju peranwantimpres,"likes: 0, retweets: 0"
2106330500231246256,Sat Oct 03 10:28:19 +0000 2026,BANGSAygSUJUD,Detik2 jurnalis yg bertanya tentang MBG kpd Presiden @prabowo menitikkan air mata tersentuh ketulusan Sang Presiden  Ini bukan sekedar memberi makan tetapi kemanusiaan  Rugi itu kalo uang dikorupsi tetapi kalo untuk menambah gizi semua anak2 dan ibu hamil tidak ada kata rugi https://t.co/Dri2hKsCCU,detik2 jurnalis mbg kpd presiden titik air mata sentuh tulus sang presiden dar makan manusia rugi uang korupsi tambah gizi anak2 hamil rugi,"likes: 12, retweets: 4"
2106330337899106810,Sat Oct 03 10:27:40 +0000 2026,AnQ_L3POK,"@Inie_UtyCute Pilih Prabowo lagi, biar jadi kayak fans MU tetap setia walau pun mereka tetap ngelawak",pilih prabowo biar kayak fans mu setia ngelawak,"likes: 0, retweets: 0"
2106330305649095087,Sat Oct 03 10:27:33 +0000 2026,Adit_yapramudya,@NenkMonica Ini suara kepala Badan komunikasi publik Pemerintah. Jadi sudah jelas Pemerintah Prabowo mendukung diskualifikasi Gibran yg mmg hanya pantas jadi Camat.,ini suara kepala badan komunikasi publik perintah perintah prabowo dukung diskualifikasi gibran mmg camat,"likes: 0, retweets: 0"
2106330264364564946,Sat Oct 03 10:27:23 +0000 2026,disfungsisosial,kalo prabowo beneran sosialis mah udah disekep kali ama cia,kalau prabowo beneran sosialis mah udah kep kali ama cia,"likes: 2, retweets: 0"
2106330227207201090,Sat Oct 03 10:27:14 +0000 2026,Setya_selalu95,@genzcorporation Ooh ini contoh pakar pakar yang di bilang pak prabowo itu yak..,ooh contoh pakar pakar bilang prabowo yak,"likes: 0, retweets: 0"
2106330168726007956,Sat Oct 03 10:27:00 +0000 2026,cllwosed,"Hak keuangan anggota Wantimpres setara menteri adalah aturan lama, bukan kebijakan baru era Prabowo. Mengapa narasi ini baru 'digoreng' sekarang? Ada apa dengan nalar kritis kita? #PeranWantimpres https://t.co/eNRctbQLU6",hak uang anggota wantimpres tara menteri atur bijak era prabowo narasi goreng nalar kritis peranwantimpres,"likes: 0, retweets: 0"
2106330140242555278,Sat Oct 03 10:26:53 +0000 2026,rangga_ga555,@JatimRoest50417 @msaid_didu @prabowo lebih luas mana wewenang KSP dan KAPOLRI tuan❓️,lebih luas wewenang ksp kapolri tuan,"likes: 0, retweets: 0"
2106330127277990186,Sat Oct 03 10:26:50 +0000 2026,Logika_saya,"@ch_chotimah2 Danny atas restu sby dan prabowo, permainan politik tingkat tinggi Kayaknya wapres pengganti kemudian adalah AHY ... ✍️ Proses pengambilalihan kekuasaan politik sudah dimulai, sisa mendagri, kpk yang belum diganti pilar eksekutif fital itu antaranya : Pertahanan, pangan, hukum",danny restu sby prabowo main politik tingkat kayak wapres ganti ahy proses pengambilalihan kuasa politik sisa mendagri kpk ganti pilar eksekutif fital tahan pangan hukum,"likes: 1, retweets: 1"
2106329950944981230,Sat Oct 03 10:26:08 +0000 2026,shiivbal,"Setiap presiden memiliki Wantimpres, dari SBY, Jokowi, hingga Prabowo Subianto. Ini bukan hal baru. Seharusnya posisi dan fungsinya dipahami, bukan sekadar dipersoalkan karena siapa yang menjabat. #PeranWantimpres https://t.co/al4sKVbrij",tiap presiden milik wantimpres sby jokowi prabowo subianto posisi fungsi paham jabat peranwantimpres,"likes: 0, retweets: 0"
2106329903302087077,Sat Oct 03 10:25:57 +0000 2026,Pintardikits,"@indepenSumatera Doi atau anak pelatih Prabowo. Pak Yudi kyknya gak lama, cuma buat bersihin gerbong aja",doi anak latih prabowo yudi kyknya bersihin gerbong aja,"likes: 0, retweets: 0"
2106329833789894860,Sat Oct 03 10:25:40 +0000 2026,Woopschannie,"tadi di kelasku, foto prabowo jatuh dan pecah.. apakah ini pertanda😍",tadi kelas foto prabowo jatuh pecah tanda,"likes: 0, retweets: 0"
2106329765045035092,Sat Oct 03 10:25:24 +0000 2026,RishaDes,"Rangkul beragam pandangan, strategi Presiden @prabowo lantik Watimpres #PeranWatimpres  https://t.co/q7eMJb2ya3",rangkul agam pandang strategi presiden lantik watimpres peranwatimpres,"likes: 0, retweets: 0"
2106329751057310201,Sat Oct 03 10:25:21 +0000 2026,meliksuman74092,"@99propaganda Seusai Pilpres 2024, Syahganda Nainggolan sudah ""balik badan"" jadi Terwo.  - Me-muji2 Prabowo di berbagai Podcast jauh sebelum dia dilantik jadi Ka Bakom.  = Dia hanya mengikuti jejak Fahri Hamzah, Budiman Sudjatmiko &amp; sejenisnya.",usai pilpres 2024 syahganda nainggolan badan terwo memuji2 prabowo podcast lantik ka bakom ikut jejak fahri hamzah budiman sudjatmiko jenis,"likes: 0, retweets: 0"
2106329693872095535,Sat Oct 03 10:25:07 +0000 2026,DediFauzi4,"@GerpolekID Bener kata @prabowo ""pakarGiblok""",bener pakargiblok,"likes: 0, retweets: 0"
2106329663987716432,Sat Oct 03 10:25:00 +0000 2026,R_AksoPram,"tulnya mereka yg dulu support/percaya rocky gerung sblm dia masuk pemerintahan prabowo itu aseli GUOBLOK. Ngomongnya saja dah ngelantur: kitab suci kitab fiksi; kyk gini mau kritik pemerintah, sampah semua isinya ya gak @JeromePolin, @pandji, @tirta_cipeng, @FiersaBesari",tulnya supportpercaya rocky gerung sblm masuk perintah prabowo aseli guoblok ngomongnya dah ngelantur kitab suci kitab fiksi kyk gin kritik perintah sampah isi,"likes: 0, retweets: 0"
2106329631733232080,Sat Oct 03 10:24:52 +0000 2026,ChaJonas,"Dan beberapa satker yg beneran jelas jobdesk-nya apa diwajibkan berubah menjadi BLU dengan alasan supaya bisa ""mandiri"" dan tidak membebani APBN?!! Like go to hell to every programs nya Prabowo and his so called efisiensi shittt!!!",dan satker beneran jobdesknya wajib ubah blu alas mandiri beban apbn like go to hell to every programs nya prabowo and his so called efisiensi shittt,"likes: 0, retweets: 0"
2106329484790202637,Sat Oct 03 10:24:17 +0000 2026,Hidejaya,@ade206 Cuma hewan n yg lahir dari rahim hewan yg dukung dajjal jokowi n dajjal prabowo,cuma hewan n lahir rahim hewan dukung dajjal jokowi n dajjal prabowo,"likes: 0, retweets: 0"
2106329349289042380,Sat Oct 03 10:23:45 +0000 2026,Khairudin_faiz,Dia akan reply nnt jerebu lagi lama. padan lah dapat presiden mcm prabowo haha,dia reply nnt jerebu padan presiden mcm prabowo haha,"likes: 0, retweets: 0"
2106329161174589860,Sat Oct 03 10:23:00 +0000 2026,syfrdinnn,turunin harga kaos band @prabowo wok,turunin harga kaos band wok,"likes: 2, retweets: 0"
2106329082690740644,Sat Oct 03 10:22:41 +0000 2026,A_setiawan96,"@FairuzMo @Aliff858070 @mashalievre @MALAYSIAPROBLM @tni_ad @prabowo Kau tak punya cermin kah pak cik?  Hahahah Kau tak bisa counter, kau playvictim pulak hahahah Kau tak bisa jawab, kau salah kan orang lain hahahahah Memang betul betul bodoh lah masyarakat mulet ini.  Pantes Melayu mau punah di jajah bangla, orang nya bodoh2",kau cermin kah cik hahahah kau counter kau playvictim pulak hahahah kau kau salah orang hahahahah bodoh masyarakat mulet pantes melayu punah jajah bangla orang nya bodoh2,"likes: 0, retweets: 0"
2106329033797702085,Sat Oct 03 10:22:30 +0000 2026,zkm411,@jjhwonu Apasih gk ush sok anjing kaya ngerti aja lu ama prabowo dasar malaydesh tolol,apasih gk ush sok anjing kaya ngerti aja ama prabowo dasar malaydesh tolol,"likes: 0, retweets: 0"
2106328940583481364,Sat Oct 03 10:22:07 +0000 2026,civilsociety_RI,@luckmydey Aku rakyat prabowo,aku rakyat prabowo,"likes: 0, retweets: 0"
2106328929917428032,Sat Oct 03 10:22:05 +0000 2026,UmyRina,🔴LIVE!  ADA APA DI BALIK RESHUFFLE KABINET PRABOWO?  PARA TOKOH BEDAH LENGKAP!! https://t.co/GwA7WObgIr https://t.co/lSuhSqQL27,live reshuffle kabinet prabowo tokoh bedah lengkap,"likes: 0, retweets: 0"
2106328911093309644,Sat Oct 03 10:22:00 +0000 2026,warmcinnamonn,@cowostress Prabowo pas pidato,prabowo pas pidato,"likes: 0, retweets: 0"
2106328758752002188,Sat Oct 03 10:21:24 +0000 2026,Llquouriform,"@DwiYuli0802 @TimnasXtra Bakal ikut jadi penjilat, apalagi pas org malay hina prabowo wkwk",bakal jilat pas orang malay hina prabowo wkwk,"likes: 0, retweets: 0"
2106328726200033293,Sat Oct 03 10:21:16 +0000 2026,Rhea1618822,@TaniaTngm20215 @tham878 @prabowo @Gerindra 🤣🤣🤣🤣🤣,,"likes: 0, retweets: 0"
2106328636349653293,Sat Oct 03 10:20:55 +0000 2026,RadioElshinta,Akademisi Universitas Negeri Jakarta Ubedilah Badrun menyoroti berbagai persoalan tata kelola hingga komunikasi politik dalam pemerintahan Presiden Prabowo Subianto. Ubedilah menyebut Perombakan kabinet oleh Presiden Prabowo Subianto seharusnya menjadi langkah yg strategis https://t.co/ZXIZnic6wW,akademisi universitas negeri jakarta ubedilah badrun sorot tata kelola komunikasi politik perintah presiden prabowo subianto ubedilah sebut ombak kabinet presiden prabowo subianto langkah strategis,"likes: 0, retweets: 0"
2106328627185111195,Sat Oct 03 10:20:53 +0000 2026,fromtheskyliner,COCOTE GAK TEPAK WO @prabowo,cocote tepak wo,"likes: 0, retweets: 0"
2106328616074416278,Sat Oct 03 10:20:50 +0000 2026,badutmetaal,@Stakof pake buku islam ala prabowo kak,pakai buku islam ala prabowo kak,"likes: 0, retweets: 0"
2106328493315485703,Sat Oct 03 10:20:21 +0000 2026,Bara_Rc,@KaredokLeunca__ @prabowo Bukan ceroboh tapi itulah kualitas rezim saat ini masih berputar di lingkaran yg sama .,bukan ceroboh kualitas rezim putar lingkar,"likes: 0, retweets: 0"
2106328474357285038,Sat Oct 03 10:20:16 +0000 2026,itszhaotime,@SmgMenfess Prabowo kah,prabowo kah,"likes: 0, retweets: 0"
2106328370443104353,Sat Oct 03 10:19:51 +0000 2026,aludiman,"Horeeeeee @pln_123 pemadaman terjadi lagi di Kota Kendari, Sulawesi tenggara. Ayo pak @prabowo mari sambut generasi emas dng pemadaman lampu beruntun.",horeeeeee madam kota kendari sulawesi tenggara ayo mari sambut generasi emas dng madam lampu untun,"likes: 1, retweets: 0"
2106328257167753644,Sat Oct 03 10:19:24 +0000 2026,CakMolana,@msaid_didu @YouTube @prabowo pak tolong ini pak Said Didu dipanggil ke istana,pak tolong said didu panggil istana,"likes: 0, retweets: 0"
2106328080910541060,Sat Oct 03 10:18:42 +0000 2026,nelsonsiahaan76,"@BANGSAygSUJUD @prabowo Kalau mau jujur eksekusi sih bubar ini program pasti, yg keliatan aja keracunan masal tidak pernah ada yg dipidana apalagi yg dibalik layar😁😁",kalau jujur eksekusi sih bubar program liat aja racun masal pidana balik layar,"likes: 0, retweets: 0"
2106327913624989774,Sat Oct 03 10:18:02 +0000 2026,gooningnungging,@weyezblod Prabowo Subianto when Prabowo Domianto walks in 🥵,prabowo subianto when prabowo domianto walks in,"likes: 1, retweets: 0"
2106327798956892213,Sat Oct 03 10:17:35 +0000 2026,Partikellirs,"bukti bukti kegagalan Jendral Haji prabowo dan Haji Gibran dalam mengelola Negara dan pemerintahan RI, sistem presidensil menetapkan semuanya itu tanggungjawab Presiden tidak bisa tidak sebab DPR/DPD/MPR RI juga tunduk dan memohon ampun ke presiden RI. jangan salahkan pegawai.",bukti bukti gagal jendral haji prabowo haji gibran kelola negara perintah ri sistem presidensil tetap tanggungjawab presiden dprdpdmpr ri tunduk mohon ampun presiden ri salah pegawai,"likes: 0, retweets: 0"
2106327783920287768,Sat Oct 03 10:17:32 +0000 2026,Subrbanlove,"Andi Azwan relawan Jokowi ini bagaikan Fadli Zon ketika Prabowo bukan jadi apa2,salut sih loyalitasnya",andi azwan rawan jokowi fadli zon prabowo apa2salut sih loyalitas,"likes: 0, retweets: 0"
2106327780195815776,Sat Oct 03 10:17:31 +0000 2026,helepmi,@Septianprmana @musksigit Kalo kata prabowo saking pinternya jadi goblok,kalau prabowo saking pinternya goblok,"likes: 0, retweets: 0"
2106327671273918471,Sat Oct 03 10:17:05 +0000 2026,murpid6661,@malaysia_nt Gak apa malaysia final melawan thailand tpi president @prabowo tukar jadi president malaysia.,tidak malaysia final lawan thailand tpi president tukar president malaysia,"likes: 0, retweets: 0"
2106327585978544141,Sat Oct 03 10:16:44 +0000 2026,babyDalkongnext,"@intrapanko Bodoh,,itu Prabowo pak cik yg mendukung ZIONIST bukan lah rakyatnya,, Otak anda di pakai sikitlah,, tak de' kah kata2 selain indog di otak anda pak cik 😂",bodohitu prabowo cik dukung zionist rakyat otak pakai sikit de kah kata2 indog otak cik,"likes: 0, retweets: 0"
2106327518718648322,Sat Oct 03 10:16:28 +0000 2026,pointofviral,"@sigitwid @gibran_tweet hidup sederhana Pvntvtmu penipu rakyat! itu perhiasan kalau pake gaji presiden mana bisa beli???? itu anaknya fufufafa, menghina prabowo,menipu rakyat dgn pendidikan palsu. Jgn glorifikasi penipu2 rakyat ini https://t.co/F8r6R07Xvn",hidup sederhana pvntvtmu tipu rakyat hias pakai gaji presiden beli anak fufufafa hina prabowomenipu rakyat didik palsu glorifikasi penipu2 rakyat,"likes: 0, retweets: 0"
2106327445947437088,Sat Oct 03 10:16:11 +0000 2026,donecorner,"@prabowo @DPR_RI , sudah saja ""paeha we ti orok lah, lieur !!!""",sudah paeha we ti orok lieur,"likes: 1, retweets: 1"
2106327442931495213,Sat Oct 03 10:16:10 +0000 2026,LordJojo_go,"@tham878 Termul ngarep KDM sama Gibran udah gitu Gibran yg R1,, kwkwkw siapa yg mau pilih,, org sekolah ga jelas, tramadol dijual bebas, KDM ga mungkin hianati Prabowo, KLO yg punya ijasa ga jelas tikam dari belakang itu lumrah",termul ngarep kdm gibran udah gitu gibran r1 kwkwkw pilih orang sekolah tramadol jual bebas kdm hianati prabowo ijasa tikam lumrah,"likes: 0, retweets: 0"
2106327366884864247,Sat Oct 03 10:15:52 +0000 2026,FairuzMo,@A_setiawan96 @Aliff858070 @mashalievre @MALAYSIAPROBLM @tni_ad @prabowo berapa kali kau punya trollbait tak sangkut2 cuba nak pusing2 sana sini. pastu reply tak synchronize plak tu dari awal sampai sekarang. tak penat ke lol? perlu dapat kepuasan hidup ke lol? effort kau ni jari je ke tak pakai otak? kalau nak continue bagi la challenge sikit pak..,berapa kali kau trollbait sangkut2 cuba nak pusing2 pastu reply synchronize plak tu penat lol puas hidup lol effort kau ni jari je pakai otak nak continue la challenge sikit,"likes: 0, retweets: 0"
2106327250732015811,Sat Oct 03 10:15:24 +0000 2026,geloraco,"Dicopot Purbaya Gegara Loloskan Motor Listrik MBG, Kini Luky Alfirman Dilantik Prabowo Jadi Wamenkeu https://t.co/tRNcoJ3zoL",copot purbaya gegara lolos motor listrik mbg luky alfirman lantik prabowo wamenkeu,"likes: 2, retweets: 0"
2106327237981315093,Sat Oct 03 10:15:21 +0000 2026,Marvelmaliki2,@LambeSahamjja Kata Prabowo ...hak apa loe ngatur2 saya ..terserah gua mau berkantor kapan 😎🙏,kata prabowo hak loe ngatur2 serah kantor,"likes: 0, retweets: 0"
2106327236345295335,Sat Oct 03 10:15:21 +0000 2026,TaweraStenly,@yaniarsim @prabowo 🤣🤣🤣🤣🤣,,"likes: 0, retweets: 0"
2106327213499122065,Sat Oct 03 10:15:16 +0000 2026,_gmuy,hidup dijaman ini emg cocok bgt buat gw kecuali bagian prabowo jd presiden,hidup jam emg cocok banget kecuali prabowo presiden,"likes: 0, retweets: 0"
2106327115323101478,Sat Oct 03 10:14:52 +0000 2026,video_tribunid,"Kini Jadi Wantimpres, Rocky Gerung Pernah Bandingkan Kritiknya terhadap Jokowi vs Prabowo https://t.co/K7oXwACdf7",kini wantimpres rocky gerung banding kritik jokowi vs prabowo,"likes: 0, retweets: 0"
2106327050730737863,Sat Oct 03 10:14:37 +0000 2026,MenteriPekerja,26 Nama WATIMPRES era Prabowo Subianto : 1.  Pratikno 2.  Muhammad Hatta Rajasa 3.  Muhammad Qodari 4.  Sinta Nuriyah Wahid 5.  Muhammad Quraish Shihab 6.  Agum Gumelar 7.  Chairul Tanjung 8.  Said Aqiel Siradj 9.  Anwar Iskandar 10.  Yahya Cholil Staquf 11.  Jusuf Wanandi 12. https://t.co/8p77QR7u0z,26 nama watimpres era prabowo subianto 1 pratikno 2 muhammad hatta rajasa 3 muhammad qodari 4 sinta nuriyah wahid 5 muhammad quraish shihab 6 agum gumelar 7 chairul tanjung 8 said aqiel siradj 9 anwar iskandar 10 yahya cholil staquf 11 jusuf wanandi 12,"likes: 6, retweets: 3"
2106327014961807727,Sat Oct 03 10:14:28 +0000 2026,urbluesky69,"Setara 2x ADV kelas tengah. Prabowo anjingggggg! Orang pengen beli ADV susah setengah mampus. Ini sekalinya ngasih gaji orang, setara 2 ADV sialan!",tara 2x adv kelas prabowo anjingggggg orang ken beli adv susah mampus sekali ngasih gaji orang tara 2 adv sial,"likes: 0, retweets: 0"
2106326945814417627,Sat Oct 03 10:14:12 +0000 2026,baymawarto,"@bagindo_kopi Coblos PraBowo, yang menjabat PostBowo",coblos prabowo jabat postbowo,"likes: 0, retweets: 0"
2106326720374624712,Sat Oct 03 10:13:18 +0000 2026,Meckrok,"IJAZAH GIBRAN DULU,  LALU IJAZAH JKW!!  SKANDAL POLITIK BESAR DI TAHUN KEDUA PRABOWO TERBONGKAR?! https://t.co/rbuoXJoQlD https://t.co/kITvWEEVMu",ijazah gibran ijazah jkw skandal politik prabowo bongkar,"likes: 0, retweets: 0"
2106326667602071757,Sat Oct 03 10:13:05 +0000 2026,annjuooo,orang kalo dh jadi antek prabowo emang jadi tolol mampus,orang dh antek prabowo emang tolol mampus,"likes: 0, retweets: 0"
2106326660698329376,Sat Oct 03 10:13:04 +0000 2026,ibchyd,"@dlayyyyyyyy Tembak kepala Prabowo bisa, gak?",tembak kepala prabowo,"likes: 0, retweets: 0"
2106326646974255283,Sat Oct 03 10:13:00 +0000 2026,gusdureen,"@Auli_V @LiterasiRakyat Prabowo itu seperti pemerintahan amerika sekarang.. terselah lu mau ngapain tapi soal jokowi lu jangan ikut2.. amrik juga begitu, lu boleh ngapain tapi soalZstate gua yg atur..",prabowo perintah amerika lah ngapain jokowi ikut2 amrik ngapain soalzstate atur,"likes: 0, retweets: 0"
2106326604674932830,Sat Oct 03 10:12:50 +0000 2026,Rahadi0816,"Presiden Prabowo Subianto resmi melantik 26 anggota Dewan Pertimbangan Presiden (Wantimpres) di Istana Negara, Jakarta, pada Jumat, 2 Oktober 2026. 1. Total gaji (hak keuangan) Setiap ketua dan anggota mendapat hak keuangan Rp76,5 juta per bulan (bukan hanya “gaji pokok”). https://t.co/TWBg4pEMQ7",presiden prabowo subianto resmi lantik 26 anggota dewan timbang presiden wantimpres istana negara jakarta jumat 2 oktober 2026 1 total gaji hak uang ketua anggota hak uang rp765 juta gaji pokok,"likes: 7, retweets: 5"
2106326590875644166,Sat Oct 03 10:12:47 +0000 2026,iamfromvenuus,"masih banyak aja penyepong wowo di tiktok jir. gua udah di tahap kasian liat kelakuan pendukung prabowo ini, karna segoblok itu sampe gabisa liat kebobrokan yg dilakuin prabowo ini https://t.co/E3rxA1sK3H",masih aja penyepong wowo tiktok jir udah tahap kasi liat laku dukung prabowo karna goblok sampe gabisa liat bobrok dilakuin prabowo,"likes: 0, retweets: 0"
2106326486198149517,Sat Oct 03 10:12:22 +0000 2026,tvrakyatneo,"Kombinasi latar belakang di Wantimpres era Presiden Prabowo! Dari pengusaha hingga ulama senior, nasihat strategis seperti apa yang paling krusial dibutuhkan pemerintah saat ini? Tulis di kolom balasan! #InfoPolitik #IndonesiaMaju #Wantimpres2026 https://t.co/neJMaaSadS",kombinasi latar wantimpres era presiden prabowo usaha ulama senior nasihat strategis krusial butuh perintah tulis kolom balas infopolitik indonesiamaju wantimpres2026,"likes: 0, retweets: 0"
2106326472000721273,Sat Oct 03 10:12:19 +0000 2026,enasdhuhri,@preman_kalem buku islam ala prabowo,buku islam ala prabowo,"likes: 0, retweets: 0"
2106326470784413755,Sat Oct 03 10:12:18 +0000 2026,tengklengklewer,"@suikocsi1 @NephilaXmus Prabowo &amp; Anies sama2 ga dapet untung keknya kalo formasinya begitu, saling menegasikan",prabowo anies sama2 dapet untung kek formasi negasi,"likes: 1, retweets: 0"
2106326381357621397,Sat Oct 03 10:11:57 +0000 2026,Marvelmaliki2,@giIangmahesa @jokowi @prabowo Gibran diajak presiden salaman sama RG ..nttar juga juga salaman sama Syahganda ..paham gak tujuannya apa ..😎🙏 https://t.co/MUUf4wUkUp,gibran ajak presiden salam rg nttar salam syahganda paham tuju,"likes: 0, retweets: 1"
2106326296687214823,Sat Oct 03 10:11:37 +0000 2026,ngawuwr,Sinergi pandangan dari berbagai latar belakang penting untuk memastikan setiap keputusan strategis negara benar-benar matang dan berpihak pada rakyat. #PeranWantimpres https://t.co/st1xjYnQYG,sinergi pandang latar putus strategis negara benarbenar matang pihak rakyat peranwantimpres,"likes: 0, retweets: 0"
2106326236935176354,Sat Oct 03 10:11:23 +0000 2026,wrahardian2,"@TheCurut007 tidak mungkin,  kalau ketahuan Pak Prabowo pasti dipecat",tidak tahu prabowo pecat,"likes: 0, retweets: 0"
2106326168656035843,Sat Oct 03 10:11:06 +0000 2026,thrusjt,Optimalisasi peran Wantimpres membuktikan komitmen pemerintah untuk mendengarkan masukan komprehensif dari para tokoh bangsa lintas sektor. #PeranWantimpres https://t.co/amgn302sm9,optimalisasi peran wantimpres bukti komitmen perintah dengar masuk komprehensif tokoh bangsa lintas sektor peranwantimpres,"likes: 0, retweets: 0"
2106326147697189064,Sat Oct 03 10:11:01 +0000 2026,AntaraEnglish,"Lawmaker backs Prabowo cabinet reshuffle, leadership shifts dlvr.​it/TVlysL https://t.co/Kd7rl8TJSy",lawmaker backs prabowo cabinet reshuffle leadership shifts dlvrittvlysl,"likes: 0, retweets: 0"
2106325985226629237,Sat Oct 03 10:10:23 +0000 2026,pembasmidhemit,"Nice.. membangun loyalis loyalis prabowo, demi 2029.",nice bangun loyalis loyalis prabowo 2029,"likes: 0, retweets: 0"
2106325980763787737,Sat Oct 03 10:10:22 +0000 2026,josefkisalive25,@benchtm The fact that only Indonesia and Philippines have events for this guy shows why Bong Bong and Prabowo were elected: people forget or ignore.,the fact that only indonesia and philippines have events for this guy shows why bong bong and prabowo were elected people forget or ignore,"likes: 0, retweets: 0"
2106325966306136268,Sat Oct 03 10:10:18 +0000 2026,tikaprananda,@stberryorange saling menguatkan di pojokan sambil nangisin kenapa Prabowo jadi presiden Indo,saling kuat pojok nangisin prabowo presiden indo,"likes: 0, retweets: 0"
2106325965995684144,Sat Oct 03 10:10:18 +0000 2026,NNopiando,"@tyrainmin @moonchija @farahhana1982 @ome1878 Halah bacot,, netizen lu dari jauh jauh hari kutuk jawa sama sukarno, di media2 lokal lu.. Ok lah prabowo masih gw maklum, tapi kutuk jawa dan pendiri negara sudah kelewat batas..!!",halah bacot netizen kutuk jawa sukarno media2 lokal ok prabowo maklum kutuk jawa diri negara lewat batas,"likes: 0, retweets: 0"
2106325917278863771,Sat Oct 03 10:10:06 +0000 2026,Aulias_pri,Susunan pengurus baru DPP Partai Rakyat Indonesia periode 2026–2031 resmi ditetapkan! 🇮🇩✨ Menjadi semangat baru untuk terus berjuang dan berikhtiar mendukung pemerintahan Presiden Prabowo demi Indonesia Maju. #PartaiRakyatIndonesia #DPPPRI #PresidenPrabowo #IndonesiaMaju https://t.co/Y0G8uY52YU,susun urus dpp partai rakyat indonesia periode 20262031 resmi tetap semangat juang ikhtiar dukung perintah presiden prabowo indonesia maju partairakyatindonesia dpppri presidenprabowo indonesiamaju,"likes: 0, retweets: 0"
2106325849746333847,Sat Oct 03 10:09:50 +0000 2026,PolicyReading,"And now that wantimpres has been established, we just have to wait what Think Policy has to say abt it. Must be something related on budget eff issues, #KabinetGemuk discourse, and accomodating power &amp; interests. Any other thoughts on why Prabowo does this from critical POV?",and now that wantimpres has been established we just have to wait what think policy has to say abt it must be something related on budget eff issues kabinetgemuk discourse and accomodating power interests any other thoughts on why prabowo does this from critical pov,"likes: 0, retweets: 0"
2106325792804495457,Sat Oct 03 10:09:37 +0000 2026,gembaalla,"Menyoal besaran gaji Wantimpres di era Prabowo, padahal dari dulu juga segitu. Ini menunjukkan adanya standar ganda atau ketidaktahuan sejarah ketatanegaraan kita sendiri. #PeranWantimpres https://t.co/XXT4VM0uYo",soal besar gaji wantimpres era prabowo segitu standar ganda ketidaktahuan sejarah ketatanegaraan peranwantimpres,"likes: 0, retweets: 0"
2106325701163106619,Sat Oct 03 10:09:15 +0000 2026,AjangHi71837778,@Adiii__fa clu nya kan dulu emang blm ada yg nawarin jangankan ditawarin dilirik jg engk sama jkw...klo sekarang dlm prabowo nawarin makanya dlm tempo sesingkat singkatnya diambil dah...masa mau jadi gelandangan terus😀,clu nya emang blm nawarin ditawarin lirik jg engk jkwklo dlm prabowo nawarin dlm tempo singkat singkat ambil dahmasa gelandang,"likes: 1, retweets: 0"
2106325555289416159,Sat Oct 03 10:08:40 +0000 2026,usukekusaka,Lama lama mirip prabowo bgsd,lama prabowo bgsd,"likes: 1, retweets: 0"
2106325523668619560,Sat Oct 03 10:08:33 +0000 2026,rizkyyogya,"@hanifproduktif Cakep banget! Cuma kalau beli rumah dan tinggal disana,  saya ga bisa ngurusin bisnis di Indo 😁",cakep banget beli rumah tinggal sana ngurusin bisnis indo,"likes: 0, retweets: 0"
2106325420320964924,Sat Oct 03 10:08:08 +0000 2026,xixiomi240,"Nuzran Joher Resmi Pimpin Ombudsman RI, Bawa Agenda Pengawasan Pelayanan Publik Presiden Prabowo Subianto resmi melantik Nuzran Joher sebagai Ketua Ombudsman Republik Indonesia di Istana Negara, Jakarta, Kamis (1/10/2026). Pelantikan ini menjadi babak baru bagi Ombudsman RI https://t.co/tyIiokO5NE",nuzran joher resmi pimpin ombudsman ri bawa agenda awas layan publik presiden prabowo subianto resmi lantik nuzran joher ketua ombudsman republik indonesia istana negara jakarta kamis 1102026 lantik babak ombudsman ri,"likes: 0, retweets: 0"
2106325402516172864,Sat Oct 03 10:08:04 +0000 2026,rolanjpg,NANGIS PRABOWO AJG DUIT CEPE GAADA HARGA DIRINYA ANJING😭,nang prabowo ajg duit cepe gaada harga anjing,"likes: 0, retweets: 0"
2106325383184568412,Sat Oct 03 10:07:59 +0000 2026,A_setiawan96,@FairuzMo @Aliff858070 @mashalievre @MALAYSIAPROBLM @tni_ad @prabowo Ohhh iya lupa Bob mulet kan suka sangat dengan orang bodoh Tak mungkin dia nak gantung orang bodoh 😂😂😂,ohhh iya lupa bob mulet suka orang bodoh nak gantung orang bodoh,"likes: 0, retweets: 0"
2106325352704557515,Sat Oct 03 10:07:52 +0000 2026,Owwalaah,PROFESOR RYAAS RASYID:  TERBUKTI PRABOWO MASIH PUNYA UTANG KEPADA LISTYO SIGIT https://t.co/BqUXqiMyRg https://t.co/aXUTYvoBkO,profesor ryaas rasyid bukti prabowo utang listyo sigit,"likes: 0, retweets: 0"
2106325254964445281,Sat Oct 03 10:07:29 +0000 2026,masih_aLdy,"@indepenSumatera Waktu kunjungan Presiden Prabowo ke Riau untuk melihat penanganan karhutla, beliau puas dengan penjelasan Irjen Herry ini, dan langsung minta Kapolri saat itu untuk carikan jabatan di Mabes Polri.",waktu kunjung presiden prabowo riau tangan karhutla beliau puas jelas irjen herry langsung kapolri cari jabat mabes polri,"likes: 0, retweets: 0"
2106325211037737068,Sat Oct 03 10:07:18 +0000 2026,Justformine_,"Fuck your MBG lah, jangan ngaco, sumpah karma nyata cok @prabowo",fuck your mbg ngaco sumpah karma nyata cok,"likes: 0, retweets: 0"
2106325164795539859,Sat Oct 03 10:07:07 +0000 2026,____insom,Kehadiran dewan pertimbangan dengan komposisi yang beragam memperkuat kualitas masukan bagi kepala negara dalam merumuskan arah kebijakan bangsa. #PeranWantimpres https://t.co/fDdCh5yzvB,hadir dewan timbang komposisi agam kuat kualitas masuk kepala negara rumus arah bijak bangsa peranwantimpres,"likes: 0, retweets: 0"
2106324949002830157,Sat Oct 03 10:06:16 +0000 2026,pbrch,Check out mulyono anjing🐕's video! #TikTok https://t.co/npUlGUw2hK Ribet ngasal masukin orang  rakyat kecewa Pak @prabowo,check out mulyono anjings video tiktok ribet ngasal masukin orang rakyat kecewa,"likes: 0, retweets: 0"
2106324830568300856,Sat Oct 03 10:05:47 +0000 2026,Justformine_,"Kalau beneran terlaksana, sumpah semoga amalan Prabowo dan jajaran tololnya selama hidup di dunia di hapuskan, sisa dosa jariyahnya doang. Amiinnnn",kalau beneran laksana sumpah moga amal prabowo jajar tolol hidup dunia hapus sisa dosa jariyahnya doang amiinnnn,"likes: 0, retweets: 0"
2106324771277521112,Sat Oct 03 10:05:33 +0000 2026,PrabowoRai29151,@Ilham_a_habibie @FordFoundation @habibiecenter https://t.co/UoyiKbKC5r,,"likes: 0, retweets: 0"
2106324665350095007,Sat Oct 03 10:05:08 +0000 2026,Logika_saya,"@RickyKardjono Kalo harganya per kwh Rp 650 sih gpp  Mulaisme aja sih, tapi kalo diatas Rp 1.700/kwh menurut saya sih itu pemaksaan karena kaluarga presiden, perlu diselidiki siapa yang mendapat keuntungan Gitu hemat saya pak @KPK_RI @KejaksaanRI @DivHumas_Polri @pln_123  @DPR_RI  @prabowo",kalau harga kwh rp 650 sih gpp mula aja sih atas rp 1700kwh sih paksa kaluarga presiden selidik untung gitu hemat,"likes: 0, retweets: 0"
2106324631082983862,Sat Oct 03 10:05:00 +0000 2026,democrazymedia,"Rocky Gerung Jabat Wantimpres, Pengamat: Ucapan Prabowo Pakar-Pakar Pintar Menjadi ‘Goblok’ Kini Terbukti! https://t.co/H5DpQcb1tx",rocky gerung jabat wantimpres amat ucap prabowo pakarpakar pintar goblok bukti,"likes: 1, retweets: 0"
2106324533737316370,Sat Oct 03 10:04:37 +0000 2026,PrabowoRai29151,@BappenasRI https://t.co/EIQuwInOnr,,"likes: 0, retweets: 0"
2106324501206286761,Sat Oct 03 10:04:29 +0000 2026,Swa_sembada_,Presiden Prabowo lantik dato Sri Tahir dan Jusuf Wanandi jadi Wantimpres RI === Presiden Khatulistiwa https://t.co/figalUdkih,presiden prabowo lantik dato sri tahir jusuf wanandi wantimpres ri presiden khatulistiwa,"likes: 0, retweets: 0"
2106324424844791902,Sat Oct 03 10:04:11 +0000 2026,andreas_up,"Look at how they still tried to score even in the last minutes. Come on la, wanna switch the final position but u got prabowo as ur president too huh?",look at how they still tried to score even in the last minutes come on la wan na switch the final position but u got prabowo as ur president too huh,"likes: 0, retweets: 0"
2106324396055097570,Sat Oct 03 10:04:04 +0000 2026,dark_smile,"@yaniarsim @prabowo Yg berkata kasar ""tolol, goblok, dst"" akan berkawan dg sesamanya",yang kasar tolol goblok dst kawan dg sama,"likes: 0, retweets: 0"
2106324337464865082,Sat Oct 03 10:03:50 +0000 2026,PrabowoRai29151,@KemensosRI https://t.co/GtqzjWgpcL,,"likes: 0, retweets: 0"
2106324314383610295,Sat Oct 03 10:03:44 +0000 2026,gaeulcyrus,Prabowo has goin crazy,prabowo has goin crazy,"likes: 3, retweets: 0"
2106324293252682120,Sat Oct 03 10:03:39 +0000 2026,CYFat,"@grok @yaniarsim @prabowo Ada tujangan apa, fasilitas apa sampai bisa tergiur?",ada tujangan fasilitas giur,"likes: 0, retweets: 0"
2106324276051939343,Sat Oct 03 10:03:35 +0000 2026,OposisiCerdas,"Reshuffle Kabinet ke-7, Damai Hari Lubis: Makin Kuatnya Jokowi di Pemerintahan Prabowo https://t.co/LkQfDNy5vc",reshuffle kabinet ke7 damai lubis kuat jokowi perintah prabowo,"likes: 7, retweets: 0"
2106324205960929379,Sat Oct 03 10:03:18 +0000 2026,Swa_sembada_,"Tak ada cerita rakyat kelaparan! Presiden Prabowo amankan 4,8 juta ton beras hingga akhir tahun === Presiden Khatulistiwa https://t.co/02AyGKdgXW",tak cerita rakyat lapar presiden prabowo aman 48 juta ton beras presiden khatulistiwa,"likes: 0, retweets: 0"
2106324205558288612,Sat Oct 03 10:03:18 +0000 2026,PrabowoRai29151,@kemenhaj_ri https://t.co/uRz28JTCF9,,"likes: 0, retweets: 0"
2106324170128929225,Sat Oct 03 10:03:10 +0000 2026,tinkerbweel,@sibambaang PNS BRIN yg S2/S3 aja kaga ada segitu padahal kualifikasi selangit. Prabowo monyettttttttt,pns brin s2s3 aja kaga segitu kualifikasi langit prabowo monyettttttttt,"likes: 0, retweets: 0"
2106324163514532098,Sat Oct 03 10:03:08 +0000 2026,Yhellypuspaa,@virdianaurellio Prabowo dapat laporannya yg baik” mulu sihh😌,prabowo lapor mulu sihh,"likes: 0, retweets: 0"
2106324090441314325,Sat Oct 03 10:02:51 +0000 2026,DeblengSya44130,@KaredokLeunca__ @prabowo Maricenan duit,maricenan duit,"likes: 0, retweets: 0"
2106323989161451958,Sat Oct 03 10:02:27 +0000 2026,PrabowoRai29151,@Dahnilanzar https://t.co/0QywUQ2jZ6,,"likes: 0, retweets: 0"
2106323949231771682,Sat Oct 03 10:02:17 +0000 2026,Swa_sembada_,Presiden Prabowo tunjuk Syahganda Nainggolan Jadi Kepala Bakom === Presiden Khatulistiwa https://t.co/WlCVtLLLdb,presiden prabowo syahganda nainggolan kepala bakom presiden khatulistiwa,"likes: 0, retweets: 0"
2106323941593952689,Sat Oct 03 10:02:15 +0000 2026,geloraco,Dari Pratikno hingga Rocky Gerung: Membaca Makna Wantimpres Prabowo Menuju 2029* https://t.co/PHwfALkJdg,dari pratikno rocky gerung baca makna wantimpres prabowo 2029,"likes: 1, retweets: 1"
2106323904101052732,Sat Oct 03 10:02:07 +0000 2026,novanypr,Prabowo kontol,prabowo kontol,"likes: 0, retweets: 1"
2106323862271197483,Sat Oct 03 10:01:57 +0000 2026,PrabowoRai29151,@KementerianESDM https://t.co/J5T3q1ILui,,"likes: 0, retweets: 0"
2106323793581109355,Sat Oct 03 10:01:40 +0000 2026,FairuzMo,@A_setiawan96 @Aliff858070 @mashalievre @MALAYSIAPROBLM @tni_ad @prabowo lah baru balik kerja ke? kesian kena kerja.. pak president @prabowo tak bagi subsidi hidup ke?,lah kerja kesi kena kerja president subsidi hidup,"likes: 0, retweets: 0"
2106323763629552067,Sat Oct 03 10:01:33 +0000 2026,PrabowoRai29151,@KementerianESDM https://t.co/28e9lVGjjX,,"likes: 0, retweets: 0"
2106323755257729531,Sat Oct 03 10:01:31 +0000 2026,boahaya,"@FaiNomady Gak perlu watimpres banyak2 padahal. Tinggal nonton video ini aja udah ketahuan masalahnya, sayangnya @prabowo emang batu",tidak watimpres banyak2 tinggal nonton video aja udah tahu sayang emang batu,"likes: 0, retweets: 0"
2106323684063354883,Sat Oct 03 10:01:14 +0000 2026,Justformine_,"Kalau gue jadi dokter apalagi dr Sp. P, gue bogem beneran sumpah Prabowo dan jajarannya wkwkwkkw",kalau dokter dr sp p bogem beneran sumpah prabowo jajar wkwkwkkw,"likes: 0, retweets: 0"
2106323665558044996,Sat Oct 03 10:01:10 +0000 2026,PrabowoRai29151,@KemenkesRI https://t.co/jF03mCkzGl,,"likes: 0, retweets: 0"
2106323626677166091,Sat Oct 03 10:01:00 +0000 2026,MKoharCA,"@yaniarsim @prabowo Semangat kerja, karena ada pejabat yang perlu dimuliakan 😊",semangat kerja jabat mulia,"likes: 0, retweets: 0"
2106323501896606094,Sat Oct 03 10:00:31 +0000 2026,revolutia,@agussediono82 @NephilaXmus @aniesbaswedan Anies dan Prabowo pernah satu koalisi lhooo... Dulu siapa yang calonkan Anies jadi gubernur DKI?,anies prabowo koalisi lhooo calon anies gubernur dki,"likes: 0, retweets: 0"
2106323501540053415,Sat Oct 03 10:00:31 +0000 2026,soulwreckeddd,wajar sih presidenlu prabowo,wajar sih presidenlu prabowo,"likes: 0, retweets: 0"
2106323472742015240,Sat Oct 03 10:00:24 +0000 2026,PrabowoRai29151,@Kemdiktisaintek https://t.co/3JUoV05REW,,"likes: 0, retweets: 0"
2106323465917857858,Sat Oct 03 10:00:22 +0000 2026,BeBuzzerNKRI,"Nah...cara baru utk msk Istana. Apalag kalau kata2 itu ditujukan ke Pak Jkw, akn lgsg diakomodasi sm Presiden @prabowo .",nahcara msk istana apalag kata2 jkw akn lgsg akomodasi presiden,"likes: 1, retweets: 0"
2106323404592660822,Sat Oct 03 10:00:07 +0000 2026,momentoom_id,"Pergantian dari Listyo Sigit Prabowo kepada Suyudi Ario Seto juga mencatatkan akhir masa jabatan Kapolri terlama di era Reformasi. Sementara itu, Suyudi menjadi figur terbaru yang berasal dari jalur reserse dan sebelumnya memimpin BNN. Menurutmu, tantangan apa yang paling besar https://t.co/BTChkI65KR",ganti listyo sigit prabowo suyudi ario seto catat jabat kapolri lama era reformasi suyudi figur baru asal jalur reserse pimpin bnn turut tantang,"likes: 0, retweets: 0"
2106323329737273686,Sat Oct 03 09:59:50 +0000 2026,newspediaidofc,"Prabowo melantik Rocky Gerung jadi anggota Wantimpres di Istana Kepresidenan, Jumat 2 Oktober 2026. #SipilBersuara #SupremasiSipil #Wantimpres #RockyGerung #Prabowo #IstanaNegara #Bakom #Keppres #Pratikno #HattaRajasa #KritikDanJabatan #SyahgandaNainggolan https://t.co/y0cSaJgtB1",prabowo lantik rocky gerung anggota wantimpres istana presiden jumat 2 oktober 2026 sipilbersuara supremasisipil wantimpres rockygerung prabowo istananegara bakom keppres pratikno hattarajasa kritikdanjabatan syahgandanainggolan,"likes: 0, retweets: 0"
2106323268118671727,Sat Oct 03 09:59:35 +0000 2026,PrabowoRai29151,@Fraksi_Gerindra https://t.co/diCU9TJji8,,"likes: 0, retweets: 0"
2106323215077237060,Sat Oct 03 09:59:22 +0000 2026,nurulichsan141,@Hilmi28 Saya sedang menanti-nantikan Raical Break Bung Rocky nih.. Tapi yaa.. memang di pertimbangkan. Sama Pak @prabowo pula.. dan yang lainnya.,saya menantinantikan raical break rocky yaa timbang,"likes: 0, retweets: 0"
2106323204054847689,Sat Oct 03 09:59:20 +0000 2026,irfanburningowl,"@worksakun that is an insult. a hate speech. even if you know someone born of an adulterer, and you call them out as a mere fact, THAT is still an insult. tolong buka matamu mendingan kamu (dan kita) ngehate someone who absolutely deserves the hate, misalnya @prabowo",that is an insult a hate speech even if you know someone born of an adulterer and you call them out as a mere fact that is still an insult tolong buka mata mending ngehate someone who absolutely deserves the hate,"likes: 0, retweets: 0"
2106323184824017211,Sat Oct 03 09:59:15 +0000 2026,PrabowoRai29151,@Gerindra https://t.co/Jo0tH4t0uy,,"likes: 0, retweets: 0"
2106323172442444030,Sat Oct 03 09:59:12 +0000 2026,bluebile_,Pake buku islam ala prabowo,pakai buku islam ala prabowo,"likes: 10, retweets: 0"
2106323168055239150,Sat Oct 03 09:59:11 +0000 2026,hyunjian,@Gaesan @Leehqan @Chaneelle @Sanghyeoon @Heeseungn Prabowo.,prabowo,"likes: 0, retweets: 0"
2106323142293762209,Sat Oct 03 09:59:05 +0000 2026,Dedetoke2,@dedetjuga29251 @pramonoanung @DivHumas_Polri @kemenhub151 @prabowo 937-2 20261003 9:35 16:48 @kompascom @detikcom @OmbudsmanRI137 melanggar perda jkt 5/2014ps140 #persekusi UU 31/2014 #JAKI JK2610030455 JK2610030183 JK2411240284 JK2410230440 JK2409250420 JK2408210357 JK2408240157 #b1422tcq #b1165pow #b2260pid #hadjadinata https://t.co/qoWkjtSqfM https://t.co/kWmFUcbeJp,9372 20261003 935 1648 langgar perda jkt 52014ps140 persekusi uu 312014 jaki jk2610030455 jk2610030183 jk2411240284 jk2410230440 jk2409250420 jk2408210357 jk2408240157 b1422tcq b1165pow b2260pid hadjadinata,"likes: 6, retweets: 5"
2106323138720252228,Sat Oct 03 09:59:04 +0000 2026,Kimberley_PS08,"@dodok_jr Prabowo harus nyeboki masalah Jokowi selama 10 th. Ini lah tantangannya. Pembangunan yanv tidak seimbang.  Infrastruktur banyak masalah, selain masalah pembebasan tanah, kontraktor yang tidak dibayar. Tidak banyak menyentuh rakyat jelata sehingga riskan di invasi asing",prabowo nyeboki jokowi 10 th tantang bangun yanv imbang infrastruktur bebas tanah kontraktor bayar sentuh rakyat jelata riskan invasi asing,"likes: 0, retweets: 0"
2106323096349388908,Sat Oct 03 09:58:54 +0000 2026,PrabowoRai29151,@setkabgoid https://t.co/3peCSd9mWM,,"likes: 0, retweets: 0"
2106323032524615763,Sat Oct 03 09:58:39 +0000 2026,Swa_sembada_,Jusuf Hamka dilantik Presiden Prabowo jadi Wantimpres === Presiden Khatulistiwa https://t.co/yPt45GIwsm,jusuf hamka lantik presiden prabowo wantimpres presiden khatulistiwa,"likes: 0, retweets: 0"
2106323021694951848,Sat Oct 03 09:58:36 +0000 2026,CYFat,@yaniarsim @prabowo @grok kira2 jabatan baru Gerung ini gaji dan tunjangannya berapa? Kuasa apa saja yg didapatkan?,kira2 jabat gerung gaji tunjang kuasa dapat,"likes: 1, retweets: 0"
2106322994297778195,Sat Oct 03 09:58:30 +0000 2026,PrabowoRai29151,@DPR_RI https://t.co/iMQUof0Bzi,,"likes: 0, retweets: 0"
2106322979353465330,Sat Oct 03 09:58:26 +0000 2026,BeBuzzerNKRI,"Mungkin bentar lg Presiden @prabowo akn membuat nomenklatur Kementerian baru utk mengakomodasi emak Ketum jd Menko, sekaligus utk menyalurkan niatnya utk merangkul semua. Kementerian baru adlh Kementerian Kordinator Pendidikan Honoris Causa.",mungkin bentar lg presiden akn nomenklatur menteri akomodasi emak tum menko salur niat rangkul menteri adlh menteri kordinator didik honor causa,"likes: 0, retweets: 0"
2106322897212154163,Sat Oct 03 09:58:06 +0000 2026,TaniaTngm20215,@tham878 Calon terkuat Bahkan @prabowo bukan tandingannya Makanya @Gerindra sampai ketar ketir,calon kuat tanding ketar tir,"likes: 1, retweets: 0"
2106322858154885200,Sat Oct 03 09:57:57 +0000 2026,WarsaWahyu,"@Strategi_Bisnis @DPR_RI @prabowo bisa gak industry kita kayak Vietnam, tanpa pungli, tanpa ormas ?",bisa industry kayak vietnam pungli ormas,"likes: 0, retweets: 0"
2106322821823725617,Sat Oct 03 09:57:48 +0000 2026,PrabowoRai29151,@PDI_Perjuangan https://t.co/w8R0Swl1O3,,"likes: 0, retweets: 0"
2106322803217846651,Sat Oct 03 09:57:44 +0000 2026,kangkrz,@sosmedkeras menang pun buat apa kalau 2029 indonesia bubar krn prabowo,menang 2029 indonesia bubar prabowo,"likes: 0, retweets: 0"
2106322759035060678,Sat Oct 03 09:57:33 +0000 2026,sjfi_twider,"Kelakarlah cycle kita dengan Indo ni sama je. Bencana ➡️ ""Yawlohh kami dianiaya Prabowo"" ➡️ 67 dead in Kabupaten Mbahmukiper ➡️ ""Malaysia help us!"" ➡️ Malaysia help ➡️ Indonesians praise too much ➡️ Buzzer attack Malaysia ➡️ Indonesian hate Malaysia back ➡️ Bencana ➡️ ""Yawlohh""",kelakar cycle indo ni je bencana yawlohh aniaya prabowo 67 dead in kabupaten mbahmukiper malaysia help us malaysia help indonesians praise too much buzzer attack malaysia indonesian hate malaysia back bencana yawlohh,"likes: 51, retweets: 9"
2106322749304066148,Sat Oct 03 09:57:31 +0000 2026,DoankWarto,Pernyataan Gibran kok berlawanan dengan visi dan misi presiden Prabowo ya ? https://t.co/E1bayfM1XB,nyata gibran lawan visi misi presiden prabowo,"likes: 2, retweets: 2"
2106322706564268526,Sat Oct 03 09:57:21 +0000 2026,PrabowoRai29151,@KSPgoid https://t.co/q05idWBp49,,"likes: 0, retweets: 0"
2106322702449737929,Sat Oct 03 09:57:20 +0000 2026,Kisssh0t233344,"@TxtdrFilsuf iya daripada bacot digunung, mending di istana aja, meski peluangnya 1%, gue kata layak dicoba, gass aja, kali aja dia kata prabowo dungu didlm istana, aura farming sih",iya bacot gunung mending istana aja peluang 1 layak coba gass aja kali aja prabowo dungu didlm istana aura farming sih,"likes: 0, retweets: 0"
2106322636259164652,Sat Oct 03 09:57:04 +0000 2026,Dedetoke2,@dedetjuga29251 @IAbdi42886 @DKIJakarta @DivHumas_Polri @kemenhub151 @prabowo @pramonoanung @TMCPoldaMetro @OmbudsmanRI137 937-2 20261003 9:35 16:48 @kompascom @detikcom @KompasTV melanggar perda jkt 5/2014 ps 140 #persekusi UU 31/2014 #JAKI JK2610030455 JK2610030183 JK2411240284 JK2410230440 JK2409250420 JK2408210357 JK2408240157 #b1422tcq #b1165pow #b2260pid #hadjadinata https://t.co/qoWkjtRSqe https://t.co/HdbDWRAex9,9372 20261003 935 1648 langgar perda jkt 52014 ps 140 persekusi uu 312014 jaki jk2610030455 jk2610030183 jk2411240284 jk2410230440 jk2409250420 jk2408210357 jk2408240157 b1422tcq b1165pow b2260pid hadjadinata,"likes: 6, retweets: 5"
2106322611722657832,Sat Oct 03 09:56:58 +0000 2026,PrabowoRai29151,@KemensetnegRI https://t.co/O8dUVFeG36,,"likes: 0, retweets: 0"
2106322598762279377,Sat Oct 03 09:56:55 +0000 2026,nekorebi,APA AJA DIPILIH ASAL BUKAN PRABOWO😭😭,apa aja pilih prabowo,"likes: 0, retweets: 0"
2106322584900124857,Sat Oct 03 09:56:52 +0000 2026,tribunnews,Ubedilah Badrun: Reshuffle Kemarin Membuktikan Rocky Gerung Antek-antek Prabowo   https://t.co/rPPgmiadke via @tribunnews,ubedilah badrun reshuffle kemarin bukti rocky gerung antekantek prabowo via,"likes: 1, retweets: 0"
2106322534773981376,Sat Oct 03 09:56:40 +0000 2026,b4j1ng4nT0L0l,"@DedynurPalakka @Opposite6888 Diam lu Ded. Lu mah sama aja. Dulu menghujat Prabowo, sekarang .....",diam ded mah aja hujat prabowo,"likes: 0, retweets: 0"
2106322506625724478,Sat Oct 03 09:56:33 +0000 2026,PrabowoRai29151,@PolkamRI https://t.co/v6aEd4XZIs,,"likes: 0, retweets: 0"
2106322450581692492,Sat Oct 03 09:56:20 +0000 2026,PerempuanWaos,"@KholiqFauzi ini berarti prabowo, SBY, Mega bakal bersatu melawan Jokowi? ahahahahahaa anak2 keturunan para sosialis elit ini",ini prabowo sby mega satu lawan jokowi ahahahahahaa anak2 turun sosialis elit,"likes: 0, retweets: 0"
2106322417400594884,Sat Oct 03 09:56:12 +0000 2026,PrabowoRai29151,@Kemhan_RI https://t.co/7ViF0MN0Bl,,"likes: 0, retweets: 0"
2106322417048023260,Sat Oct 03 09:56:12 +0000 2026,Abyosa1,"Mau Malming kok malah baca ginii. Sotoy lu pada warga negeri Jiran. Emangnya mereka tahu buruknya kepemimpinan Prabowo,  yang lebih tahu kan WNI. Susah tak berkesudahan di Rezim ini https://t.co/VMv3XxdQTy",mau malming baca ginii sotoy warga negeri jiran emang buruk pimpin prabowo wni susah sudah rezim,"likes: 0, retweets: 0"
2106322340439302385,Sat Oct 03 09:55:54 +0000 2026,DakotaGeorgy,@DarwinSusilo1 @prabowo 🤣🤣🤣🤣,,"likes: 0, retweets: 0"
2106322327294345369,Sat Oct 03 09:55:51 +0000 2026,PrabowoRai29151,@KemenkeuRI https://t.co/lVaZYGRkJL,,"likes: 0, retweets: 0"
2106322304368324984,Sat Oct 03 09:55:45 +0000 2026,mbapopice,Penambahan jumlah anggota Wantimpres menjadi langkah strategis Presiden Prabowo untuk merangkul berbagai spektrum pandangan demi kebijakan yang inklusif. #PeranWantimpres https://t.co/Wg3ZtrMtgd,tambah anggota wantimpres langkah strategis presiden prabowo rangkul spektrum pandang bijak inklusif peranwantimpres,"likes: 0, retweets: 0"
2106322235845910632,Sat Oct 03 09:55:29 +0000 2026,riksayuda,Demi mengamankan kekuasaan ... bagi bagi jabatan ..... @prabowo  memang lah .... 💩💩💩💩💩,demi aman kuasa jabat,"likes: 0, retweets: 0"
2106322216841584903,Sat Oct 03 09:55:24 +0000 2026,PrabowoRai29151,@LemhannasRI https://t.co/R1qWhh6K47,,"likes: 0, retweets: 0"
2106322216682193102,Sat Oct 03 09:55:24 +0000 2026,suikocsi1,@tengklengklewer @NephilaXmus Anies pasti mw ditawarin Prabowo-Anies,anies mw ditawarin prabowoanies,"likes: 0, retweets: 0"
2106322191210176979,Sat Oct 03 09:55:18 +0000 2026,greatsiodowski,"kalau artis besar seperti shireen sungkar udah ikut speak up, berarti malaydeshia ini udah benar benar OOT.  udah dibilang malaydeshia ini paling terkenal dengan tukar topicnya - serang personal anak Jennifer - bahas matawang - bahas prabowo - and next bahas cari kerja",kalau artis shireen sungkar udah speak up malaydeshia udah oot udah bilang malaydeshia kenal tukar topicnya serang personal anak jennifer bahas matawang bahas prabowo and next bahas cari kerja,"likes: 23, retweets: 2"
2106322175263388091,Sat Oct 03 09:55:14 +0000 2026,rang_simabua,𝐋𝐢𝐬𝐭𝐲𝐨 𝐒𝐢𝐠𝐢𝐭 𝐏𝐞𝐧𝐬𝐢𝐮𝐧 𝐃𝐢𝐧𝐢? Apakah mantan Kapolri Jenderal Pol Listyo Sigit Prabowo pensiun dini? Berdasarkan Undang-Undang Nomor 5 Tahun 2026 dia baru akan memasuki usia pensiun pada 5 Mei 2029. Apakah dia pensiun dini sebelum mendapat penugasan dari https://t.co/biPAvwFKYo,apakah mantan kapolri jenderal pol listyo sigit prabowo pensiun dasar undangundang nomor 5 2026 pasuk usia pensiun 5 mei 2029 pensiun tugas,"likes: 4, retweets: 2"
2106322127209242974,Sat Oct 03 09:55:03 +0000 2026,PrabowoRai29151,@FraksiPKB https://t.co/tkFlj1EfOB,,"likes: 0, retweets: 0"
2106322114945196151,Sat Oct 03 09:55:00 +0000 2026,Swa_sembada_,"Resmi di lantik Prabowo, Pratikno siap beri masukan dan pertimbangan strategis === Presiden Khatulistiwa https://t.co/fvSpWXTaEc",resmi lantik prabowo pratikno masuk timbang strategis presiden khatulistiwa,"likes: 0, retweets: 0"
2106322006237196305,Sat Oct 03 09:54:34 +0000 2026,PrabowoRai29151,@DPP_PKB https://t.co/0Ls59zqvkw,,"likes: 0, retweets: 0"
2106321983365579108,Sat Oct 03 09:54:29 +0000 2026,menancap,kok bisa dulu kalian pilih prabowo??,kok pilih prabowo,"likes: 14, retweets: 1"
2106321845607891407,Sat Oct 03 09:53:56 +0000 2026,greatsiodowski,"tukar topic, bahas prabowo, bahas ringgit, bahas MRT, bahas nasi kandar, intinya bahas apapun itu😆😆 satu lagi, kalau sifat rasisnya akut, nanti bila kalah bola mainnya attack personal anak kecil (seperti anaknya Jennifer coppen) mau pelik tapi MALAYSIA. https://t.co/23MHyJJhXg",tukar topic bahas prabowo bahas ringgit bahas mrt bahas nasi kandar inti bahas apa sifat ras akut kalah bola main attack personal anak anak jennifer coppen pelik malaysia,"likes: 29, retweets: 5"
2106321835587772657,Sat Oct 03 09:53:53 +0000 2026,jefrigosling,Klo diliat2 jopri ini ama prabowo ya 11 12,kalau diliat2 jopri ama prabowo 11 12,"likes: 0, retweets: 0"
2106321786401071566,Sat Oct 03 09:53:42 +0000 2026,PrabowoRai29151,@SBYudhoyono https://t.co/pwNVJub1r6,,"likes: 0, retweets: 0"
2106321738455998665,Sat Oct 03 09:53:30 +0000 2026,kokokodok52,"angkat 26 anggota Wantimpres, bukti Presiden Prabowo merangkul semua golongan. Kerja sama lintas pihak jadi kunci kemajuan bangsa. #PeranWantimpres https://t.co/mmyG5qVmqn",angkat 26 anggota wantimpres bukti presiden prabowo rangkul golong kerja lintas kunci maju bangsa peranwantimpres,"likes: 0, retweets: 0"
2106321733603168400,Sat Oct 03 09:53:29 +0000 2026,adajuga100,Heboh! Wapres Gibran Dilaporkan ke Bareskrim Polri Terkait Surat Keterangan Penyetaraan Pendidikan  https://t.co/8r8y4m6wts #gibran #jikowi #prabowo #mbg #kopdes https://t.co/uL4HhHL92y,heboh wapres gibran lapor bareskrim polri kait surat terang tara didik gibran jikowi prabowo mbg kopdes,"likes: 0, retweets: 0"
2106321709133644071,Sat Oct 03 09:53:23 +0000 2026,PrabowoRai29151,@FPD_DPR https://t.co/oOi3OmfuiZ,,"likes: 0, retweets: 0"
2106321682374004775,Sat Oct 03 09:53:17 +0000 2026,AhmadSahidah,"@jangetes @OmJ_J3Nggott @prabowo @setkabgoid @KemensetnegRI @PolkamRI Betapa lemah pengawasan kopdes. Seeloknya, Agrinas galak.",betapa lemah awas kopdes elok agrinas galak,"likes: 0, retweets: 0"
2106321675994190054,Sat Oct 03 09:53:15 +0000 2026,kokokodok52,"Wantimpres bukan lembaga baru. Sudah ada sejak dulu, dari era SBY, Jokowi, hingga Prabowo. Kenapa baru sekarang dipersoalkan? Pahami sejarahnya dulu. #PeranWantimpres https://t.co/3iiDBKFSOM",wantimpres lembaga era sby jokowi prabowo paham sejarah peranwantimpres,"likes: 0, retweets: 0"
2106321673951826162,Sat Oct 03 09:53:15 +0000 2026,sasarecap,"udah 3 kali ketemu kucing nyebrang jalan keliatan linglung, hampir kesruduk motorku. kemaren jg baca twit ada kampret keilangan kemampuan ultrasonik. mungkin efek ekonomi era prabowo berimbas ke satwa.",udah 3 kali ketemu kucing nyebrang jalan liat linglung kesruduk motor kemaren jg baca twit kampret keilangan mampu ultrasonik efek ekonomi era prabowo imbas satwa,"likes: 0, retweets: 0"
2106321620340252817,Sat Oct 03 09:53:02 +0000 2026,PrabowoRai29151,@PDemokrat https://t.co/mm8T1yBf2f,,"likes: 0, retweets: 0"
2106321449703387471,Sat Oct 03 09:52:21 +0000 2026,PrabowoRai29151,@mohmahfudmd https://t.co/DzvBenfJRZ,,"likes: 0, retweets: 0"
2106321428287291585,Sat Oct 03 09:52:16 +0000 2026,intrapanko,@raisaenamenam90 Ok prabowo,ok prabowo,"likes: 0, retweets: 0"
2106321419537944888,Sat Oct 03 09:52:14 +0000 2026,lilinuri773,"Presiden Prabowo melantik Nuzran Joher sebagai Ketua Ombudsman, mengisi kekosongan sejak 8 Juni 2026. Langkah penting agar pengawasan pelayanan publik tetap berjalan. #PeranWantimpres https://t.co/a2nfdteKKq",presiden prabowo lantik nuzran joher ketua ombudsman isi kosong 8 juni 2026 langkah awas layan publik jalan peranwantimpres,"likes: 1, retweets: 0"
2106321385161441352,Sat Oct 03 09:52:06 +0000 2026,lilinuri773,"Jabatan Wantimpres sudah ada sejak dulu — dari era SBY, Jokowi, hingga Prabowo. Bukan hal baru, jadi kenapa baru dipersoalkan sekarang? #PeranWantimpres https://t.co/x5SkuFzypD",jabat wantimpres era sby jokowi prabowo peranwantimpres,"likes: 0, retweets: 0"
2106321368883044771,Sat Oct 03 09:52:02 +0000 2026,zeaoryx,"selama prabowo menjabat sebagai presiden, gue sih ogah banget ikut war sama negara lain😭",lama prabowo jabat presiden sih ogah banget war negara,"likes: 0, retweets: 0"
2106321353506968035,Sat Oct 03 09:51:58 +0000 2026,PrabowoRai29151,@Yusrilihza_Mhd https://t.co/mst3243Q5B,,"likes: 0, retweets: 0"
2106321291477492028,Sat Oct 03 09:51:44 +0000 2026,lilinuri773,"Presiden Prabowo resmi melantik Nuzran Joher sebagai Ketua Ombudsman RI, menggantikan Hery Susanto yang diberhentikan tidak dengan hormat. Langkah ini untuk pastikan pengawasan pelayanan publik tetap berjalan baik. #PeranWantimpres https://t.co/U6mTkXLTIu",presiden prabowo resmi lantik nuzran joher ketua ombudsman ri ganti hery susanto henti hormat langkah pasti awas layan publik jalan peranwantimpres,"likes: 0, retweets: 0"
2106321285655802126,Sat Oct 03 09:51:42 +0000 2026,Swa_sembada_,"Tak mau asal terima info, Begini cara presiden Prabowo memastikan Kebenarannya === Presiden Khatulistiwa https://t.co/vZA43NdEnT",tak terima info presiden prabowo benar presiden khatulistiwa,"likes: 0, retweets: 0"
2106321280635203843,Sat Oct 03 09:51:41 +0000 2026,HanamungTitah,Wkwwkkwk...sampe ada yg doain Prabowo jd Presiden seumur hidup. Dek Malay dek Malay liat di IG jg sama 🤣,wkwwkkwksampe doain prabowo presiden umur hidup dek malay dek malay liat ig jg,"likes: 0, retweets: 0"
2106321264965193832,Sat Oct 03 09:51:37 +0000 2026,PrabowoRai29151,@ganjarpranowo https://t.co/7DJFOUhS8q,,"likes: 0, retweets: 0"
2106321174640857287,Sat Oct 03 09:51:16 +0000 2026,PrabowoRai29151,@JimlyAs https://t.co/J0KBYHG9IK,,"likes: 0, retweets: 0"
2106321174062043574,Sat Oct 03 09:51:16 +0000 2026,agussediono82,@NephilaXmus prediksi gw gak mungkin terjadi karena ada 2 faktor : 1. Prabowo itu pendendam     Dia masih dendam dengan penilaian mas @aniesbaswedan yang memberi nilai 11/100 2. Mas @aniesbaswedan orang yg realistis. beliau g akan masuk krn klo masuk pun sistemnya udah rusak.,prediksi 2 faktor 1 prabowo dendam dendam nilai mas nilai 11100 2 mas orang realistis beliau g masuk masuk sistem udah rusak,"likes: 61, retweets: 1"
2106321094387073403,Sat Oct 03 09:50:57 +0000 2026,PrabowoRai29151,@Kemenag_RI https://t.co/oyylD6Nm4T,,"likes: 0, retweets: 0"
2106321083653844992,Sat Oct 03 09:50:54 +0000 2026,Partono_ADjem,Yg kena puyeng soal karhutla sama Prabowo kemarin kan ya. Naik pangkat 😂🤣,yang kena puyeng karhutla prabowo kemarin pangkat,"likes: 0, retweets: 1"
2106320999633530912,Sat Oct 03 09:50:34 +0000 2026,PrabowoRai29151,@NasDem https://t.co/plWvWGEkjr,,"likes: 0, retweets: 0"
2106320998501110067,Sat Oct 03 09:50:34 +0000 2026,cuddle_gurun,@bagindo_kopi @prabowo,,"likes: 0, retweets: 0"
2106320916443754653,Sat Oct 03 09:50:14 +0000 2026,PrabowoRai29151,@bkpm https://t.co/xHS0fWI4qK,,"likes: 0, retweets: 0"
2106320898110480717,Sat Oct 03 09:50:10 +0000 2026,A_setiawan96,@FairuzMo @Aliff858070 @mashalievre @MALAYSIAPROBLM @tni_ad @prabowo Masih hidup ke ?  Apa lah mati di gantung STMJ,masih hidup mati gantung stmj,"likes: 0, retweets: 0"
2106320878187536532,Sat Oct 03 09:50:05 +0000 2026,zeaoryx,"giliran soal gaji guru jawabannya 'uangnya tidak ada', prabowo sinting",gilir gaji guru jawab uang prabowo sinting,"likes: 0, retweets: 0"
2106320829118341509,Sat Oct 03 09:49:53 +0000 2026,PrabowoRai29151,@FPKSDPRRI https://t.co/KSH29XfDr8,,"likes: 0, retweets: 0"
2106320743118045615,Sat Oct 03 09:49:33 +0000 2026,PrabowoRai29151,@hnurwahid https://t.co/Y5u8KcjXfZ,,"likes: 0, retweets: 0"
2106320692451193114,Sat Oct 03 09:49:21 +0000 2026,lily_prettyyy,"Belain bigmo udh kayak bela nabi keulang lagi anjg lu pada ga capek apa? Jujur walaupun gue gak pernah suka prabowo lebih masuk akal orang belain prabowo drpd bigmo, setidaknya prabowo masih presiden indo lah dia apaan anjing",bain bigmo kayak bela nabi ulang anjg capek jujur suka prabowo masuk akal orang bain prabowo drpd bigmo prabowo presiden indo anjing,"likes: 0, retweets: 0"
2106320665859264849,Sat Oct 03 09:49:14 +0000 2026,PrabowoRai29151,@prabowo https://t.co/Gsc7vPowO1,,"likes: 0, retweets: 0"
2106320588390207984,Sat Oct 03 09:48:56 +0000 2026,PrabowoRai29151,@erickthohir https://t.co/l7MnSEMVzM,,"likes: 0, retweets: 0"
2106320540004725026,Sat Oct 03 09:48:44 +0000 2026,Masdjodi1,@hpriam @teguhfriend @BANGSAygSUJUD @SudaryonoSudar @prabowo @Kimberley_PS08 @sarah_pndjtn @achmad_joey @AswinbaharD @are_inismyname @florieliciouss @Ndons_Back @99propaganda @jatmiko99604253 Mana dalilnya itu haram  ?,mana dalil haram,"likes: 1, retweets: 0"
2106320532673314897,Sat Oct 03 09:48:43 +0000 2026,Auli_V,@NenkMonica Penghianaat.sumpahnya dijabatan paling mulia pulak sbagai wakil tuhan...eh ternyata wakil londo ireng SOLO...bisa bisanya disumpah lagi lewat lobby tukang cuci miris @prabowo anda tau dia sudah mnghinkn sumpahnya kan @Gerindra Rakyat disuruh mnggaji mmfasilitasi manusia gk layak,penghianaatsumpahnya jabat mulia pulak sbagai wakil tuhaneh wakil londo ireng solobisa bisa sumpah lobby tukang cuci miris tau mnghinkn sumpah rakyat suruh mnggaji mmfasilitasi manusia gk layak,"likes: 0, retweets: 0"
2106320510464463344,Sat Oct 03 09:48:37 +0000 2026,PrabowoRai29151,@muhammadiyah https://t.co/rCxKfnnLgE,,"likes: 0, retweets: 0"
2106320426511003779,Sat Oct 03 09:48:17 +0000 2026,PrabowoRai29151,@nu_online https://t.co/lhlyogdHzM,,"likes: 0, retweets: 0"
2106320364745986143,Sat Oct 03 09:48:03 +0000 2026,katrinrienks,@alisyarief Jelas Wantimses....‼️ adeknya aja bilang.. MBG tetap lanjut...... Berhenti kalo Prabowo kalah di 2029.😃 https://t.co/WH7iEDUYEC,jelas wantimses adeknya aja bilang mbg henti prabowo kalah 2029,"likes: 1, retweets: 0"
2106320342218076468,Sat Oct 03 09:47:57 +0000 2026,PrabowoRai29151,@muipusat https://t.co/2MMifKJJUe,,"likes: 0, retweets: 0"
2106320323339809071,Sat Oct 03 09:47:53 +0000 2026,nameles_id,"Surat terbuka untuk @elonmusk . Kami warga Indonesia sudah sangat disulitkan dengan ""Pemerintahan"" kami. Mulai dari, - BBM antri - Mati lampu bergilir - Asap Karhutla - Prabowo president dll.... Jadi tolong🙏, untuk yg ini jangan dipersulit dan turunkan syarat OCR jadi 250k.😂",surat buka warga indonesia sulit perintah bbm antri mati lampu gilir asap karhutla prabowo president dll tolong sulit turun syarat ocr 250k,"likes: 0, retweets: 0"
